<?xml version="1.0" ?><annotation>
	<folder>VOC2007</folder>
	<filename>110.jpg</filename>
	
	<source>
		<database>Unknown</database>
	</source>
	<size>
		<width>518</width>
		<height>392</height>
		<depth>3</depth>
	</size>
	<segmented>0</segmented>
	<object>
		<name>Bentley</name>
		<pose>Unspecified</pose>
		<truncated>0</truncated>
		<difficult>0</difficult>
		<bndbox>
			<xmin>112</xmin>
			<ymin>137</ymin>
			<xmax>442</xmax>
			<ymax>290</ymax>
		</bndbox>
	</object>
</annotation>