<?xml version="1.0" ?><annotation>
	<folder>VOC2007</folder>
	<filename>113.jpg</filename>
	
	<source>
		<database>Unknown</database>
	</source>
	<size>
		<width>498</width>
		<height>369</height>
		<depth>3</depth>
	</size>
	<segmented>0</segmented>
	<object>
		<name>Bentley</name>
		<pose>Unspecified</pose>
		<truncated>0</truncated>
		<difficult>0</difficult>
		<bndbox>
			<xmin>148</xmin>
			<ymin>28</ymin>
			<xmax>335</xmax>
			<ymax>203</ymax>
		</bndbox>
	</object>
</annotation>