<?xml version="1.0" ?><annotation>
	<folder>VOC2007</folder>
	<filename>115.jpg</filename>
	
	<source>
		<database>Unknown</database>
	</source>
	<size>
		<width>512</width>
		<height>366</height>
		<depth>3</depth>
	</size>
	<segmented>0</segmented>
	<object>
		<name>Bentley</name>
		<pose>Unspecified</pose>
		<truncated>0</truncated>
		<difficult>0</difficult>
		<bndbox>
			<xmin>36</xmin>
			<ymin>38</ymin>
			<xmax>455</xmax>
			<ymax>216</ymax>
		</bndbox>
	</object>
</annotation>