<?xml version="1.0" ?><annotation>
	<folder>VOC2007</folder>
	<filename>12.jpg</filename>
	
	<source>
		<database>Unknown</database>
	</source>
	<size>
		<width>522</width>
		<height>350</height>
		<depth>3</depth>
	</size>
	<segmented>0</segmented>
	<object>
		<name>Bentley</name>
		<pose>Unspecified</pose>
		<truncated>0</truncated>
		<difficult>0</difficult>
		<bndbox>
			<xmin>33</xmin>
			<ymin>13</ymin>
			<xmax>462</xmax>
			<ymax>275</ymax>
		</bndbox>
	</object>
</annotation>