<?xml version="1.0" ?><annotation>
	<folder>VOC2007</folder>
	<filename>123.jpg</filename>
	
	<source>
		<database>Unknown</database>
	</source>
	<size>
		<width>492</width>
		<height>383</height>
		<depth>3</depth>
	</size>
	<segmented>0</segmented>
	<object>
		<name>Bentley</name>
		<pose>Unspecified</pose>
		<truncated>0</truncated>
		<difficult>0</difficult>
		<bndbox>
			<xmin>32</xmin>
			<ymin>75</ymin>
			<xmax>465</xmax>
			<ymax>211</ymax>
		</bndbox>
	</object>
</annotation>