<?xml version="1.0" ?><annotation>
	<folder>VOC2007</folder>
	<filename>124.jpg</filename>
	
	<source>
		<database>Unknown</database>
	</source>
	<size>
		<width>495</width>
		<height>397</height>
		<depth>3</depth>
	</size>
	<segmented>0</segmented>
	<object>
		<name>Bentley</name>
		<pose>Unspecified</pose>
		<truncated>0</truncated>
		<difficult>0</difficult>
		<bndbox>
			<xmin>105</xmin>
			<ymin>34</ymin>
			<xmax>431</xmax>
			<ymax>212</ymax>
		</bndbox>
	</object>
</annotation>