<?xml version="1.0" ?><annotation>
	<folder>VOC2007</folder>
	<filename>126.jpg</filename>
	
	<source>
		<database>Unknown</database>
	</source>
	<size>
		<width>520</width>
		<height>355</height>
		<depth>1</depth>
	</size>
	<segmented>0</segmented>
	<object>
		<name>Bentley</name>
		<pose>Unspecified</pose>
		<truncated>0</truncated>
		<difficult>0</difficult>
		<bndbox>
			<xmin>49</xmin>
			<ymin>27</ymin>
			<xmax>470</xmax>
			<ymax>169</ymax>
		</bndbox>
	</object>
</annotation>