<?xml version="1.0" ?><annotation>
	<folder>VOC2007</folder>
	<filename>132.jpg</filename>
	
	<source>
		<database>Unknown</database>
	</source>
	<size>
		<width>508</width>
		<height>397</height>
		<depth>3</depth>
	</size>
	<segmented>0</segmented>
	<object>
		<name>Bentley</name>
		<pose>Unspecified</pose>
		<truncated>0</truncated>
		<difficult>0</difficult>
		<bndbox>
			<xmin>74</xmin>
			<ymin>67</ymin>
			<xmax>470</xmax>
			<ymax>300</ymax>
		</bndbox>
	</object>
</annotation>