<?xml version="1.0" ?><annotation>
	<folder>VOC2007</folder>
	<filename>134.jpg</filename>
	
	<source>
		<database>Unknown</database>
	</source>
	<size>
		<width>511</width>
		<height>396</height>
		<depth>3</depth>
	</size>
	<segmented>0</segmented>
	<object>
		<name>Bentley</name>
		<pose>Unspecified</pose>
		<truncated>0</truncated>
		<difficult>0</difficult>
		<bndbox>
			<xmin>17</xmin>
			<ymin>44</ymin>
			<xmax>491</xmax>
			<ymax>370</ymax>
		</bndbox>
	</object>
</annotation>