<?xml version="1.0" ?><annotation>
	<folder>VOC2007</folder>
	<filename>135.jpg</filename>
	
	<source>
		<database>Unknown</database>
	</source>
	<size>
		<width>490</width>
		<height>352</height>
		<depth>1</depth>
	</size>
	<segmented>0</segmented>
	<object>
		<name>Bentley</name>
		<pose>Unspecified</pose>
		<truncated>0</truncated>
		<difficult>0</difficult>
		<bndbox>
			<xmin>104</xmin>
			<ymin>23</ymin>
			<xmax>431</xmax>
			<ymax>323</ymax>
		</bndbox>
	</object>
</annotation>