<?xml version="1.0" ?><annotation>
	<folder>VOC2007</folder>
	<filename>136.jpg</filename>
	
	<source>
		<database>Unknown</database>
	</source>
	<size>
		<width>489</width>
		<height>358</height>
		<depth>3</depth>
	</size>
	<segmented>0</segmented>
	<object>
		<name>Bentley</name>
		<pose>Unspecified</pose>
		<truncated>0</truncated>
		<difficult>0</difficult>
		<bndbox>
			<xmin>32</xmin>
			<ymin>71</ymin>
			<xmax>454</xmax>
			<ymax>196</ymax>
		</bndbox>
	</object>
</annotation>