<?xml version="1.0" ?><annotation>
	<folder>VOC2007</folder>
	<filename>139.jpg</filename>
	
	<source>
		<database>Unknown</database>
	</source>
	<size>
		<width>489</width>
		<height>399</height>
		<depth>1</depth>
	</size>
	<segmented>0</segmented>
	<object>
		<name>Bentley</name>
		<pose>Unspecified</pose>
		<truncated>0</truncated>
		<difficult>0</difficult>
		<bndbox>
			<xmin>14</xmin>
			<ymin>40</ymin>
			<xmax>451</xmax>
			<ymax>363</ymax>
		</bndbox>
	</object>
</annotation>