<?xml version="1.0" ?><annotation>
	<folder>VOC2007</folder>
	<filename>140.jpg</filename>
	
	<source>
		<database>Unknown</database>
	</source>
	<size>
		<width>514</width>
		<height>370</height>
		<depth>3</depth>
	</size>
	<segmented>0</segmented>
	<object>
		<name>Bentley</name>
		<pose>Unspecified</pose>
		<truncated>0</truncated>
		<difficult>0</difficult>
		<bndbox>
			<xmin>31</xmin>
			<ymin>76</ymin>
			<xmax>450</xmax>
			<ymax>274</ymax>
		</bndbox>
	</object>
</annotation>