<?xml version="1.0" ?><annotation>
	<folder>VOC2007</folder>
	<filename>145.jpg</filename>
	
	<source>
		<database>Unknown</database>
	</source>
	<size>
		<width>511</width>
		<height>367</height>
		<depth>3</depth>
	</size>
	<segmented>0</segmented>
	<object>
		<name>Bentley</name>
		<pose>Unspecified</pose>
		<truncated>0</truncated>
		<difficult>0</difficult>
		<bndbox>
			<xmin>297</xmin>
			<ymin>24</ymin>
			<xmax>467</xmax>
			<ymax>120</ymax>
		</bndbox>
	</object>
</annotation>