<?xml version="1.0" ?><annotation>
	<folder>VOC2007</folder>
	<filename>149.jpg</filename>
	
	<source>
		<database>Unknown</database>
	</source>
	<size>
		<width>488</width>
		<height>390</height>
		<depth>3</depth>
	</size>
	<segmented>0</segmented>
	<object>
		<name>Bentley</name>
		<pose>Unspecified</pose>
		<truncated>0</truncated>
		<difficult>0</difficult>
		<bndbox>
			<xmin>63</xmin>
			<ymin>109</ymin>
			<xmax>432</xmax>
			<ymax>278</ymax>
		</bndbox>
	</object>
</annotation>