<?xml version="1.0" ?><annotation>
	<folder>VOC2007</folder>
	<filename>150.jpg</filename>
	
	<source>
		<database>Unknown</database>
	</source>
	<size>
		<width>497</width>
		<height>368</height>
		<depth>3</depth>
	</size>
	<segmented>0</segmented>
	<object>
		<name>Bentley</name>
		<pose>Unspecified</pose>
		<truncated>0</truncated>
		<difficult>0</difficult>
		<bndbox>
			<xmin>11</xmin>
			<ymin>28</ymin>
			<xmax>485</xmax>
			<ymax>227</ymax>
		</bndbox>
	</object>
</annotation>