<?xml version="1.0" ?><annotation>
	<folder>VOC2007</folder>
	<filename>151.jpg</filename>
	
	<source>
		<database>Unknown</database>
	</source>
	<size>
		<width>513</width>
		<height>369</height>
		<depth>3</depth>
	</size>
	<segmented>0</segmented>
	<object>
		<name>Bentley</name>
		<pose>Unspecified</pose>
		<truncated>0</truncated>
		<difficult>0</difficult>
		<bndbox>
			<xmin>74</xmin>
			<ymin>65</ymin>
			<xmax>448</xmax>
			<ymax>281</ymax>
		</bndbox>
	</object>
</annotation>