<?xml version="1.0" ?><annotation>
	<folder>VOC2007</folder>
	<filename>152.jpg</filename>
	
	<source>
		<database>Unknown</database>
	</source>
	<size>
		<width>487</width>
		<height>351</height>
		<depth>3</depth>
	</size>
	<segmented>0</segmented>
	<object>
		<name>Bentley</name>
		<pose>Unspecified</pose>
		<truncated>1</truncated>
		<difficult>0</difficult>
		<bndbox>
			<xmin>65</xmin>
			<ymin>30</ymin>
			<xmax>449</xmax>
			<ymax>351</ymax>
		</bndbox>
	</object>
</annotation>