<?xml version="1.0" ?><annotation>
	<folder>VOC2007</folder>
	<filename>153.jpg</filename>
	
	<source>
		<database>Unknown</database>
	</source>
	<size>
		<width>513</width>
		<height>357</height>
		<depth>3</depth>
	</size>
	<segmented>0</segmented>
	<object>
		<name>Bentley</name>
		<pose>Unspecified</pose>
		<truncated>0</truncated>
		<difficult>0</difficult>
		<bndbox>
			<xmin>40</xmin>
			<ymin>98</ymin>
			<xmax>468</xmax>
			<ymax>292</ymax>
		</bndbox>
	</object>
</annotation>