<?xml version="1.0" ?><annotation>
	<folder>VOC2007</folder>
	<filename>156.jpg</filename>
	
	<source>
		<database>Unknown</database>
	</source>
	<size>
		<width>502</width>
		<height>399</height>
		<depth>3</depth>
	</size>
	<segmented>0</segmented>
	<object>
		<name>Bentley</name>
		<pose>Unspecified</pose>
		<truncated>0</truncated>
		<difficult>0</difficult>
		<bndbox>
			<xmin>149</xmin>
			<ymin>87</ymin>
			<xmax>337</xmax>
			<ymax>331</ymax>
		</bndbox>
	</object>
</annotation>