<?xml version="1.0" ?><annotation>
	<folder>VOC2007</folder>
	<filename>159.jpg</filename>
	
	<source>
		<database>Unknown</database>
	</source>
	<size>
		<width>521</width>
		<height>382</height>
		<depth>3</depth>
	</size>
	<segmented>0</segmented>
	<object>
		<name>Bentley</name>
		<pose>Unspecified</pose>
		<truncated>0</truncated>
		<difficult>0</difficult>
		<bndbox>
			<xmin>18</xmin>
			<ymin>98</ymin>
			<xmax>472</xmax>
			<ymax>255</ymax>
		</bndbox>
	</object>
</annotation>