<?xml version="1.0" ?><annotation>
	<folder>VOC2007</folder>
	<filename>163.jpg</filename>
	
	<source>
		<database>Unknown</database>
	</source>
	<size>
		<width>496</width>
		<height>357</height>
		<depth>3</depth>
	</size>
	<segmented>0</segmented>
	<object>
		<name>Bentley</name>
		<pose>Unspecified</pose>
		<truncated>0</truncated>
		<difficult>0</difficult>
		<bndbox>
			<xmin>73</xmin>
			<ymin>124</ymin>
			<xmax>425</xmax>
			<ymax>271</ymax>
		</bndbox>
	</object>
</annotation>