<?xml version="1.0" ?><annotation>
	<folder>VOC2007</folder>
	<filename>165.jpg</filename>
	
	<source>
		<database>Unknown</database>
	</source>
	<size>
		<width>521</width>
		<height>396</height>
		<depth>3</depth>
	</size>
	<segmented>0</segmented>
	<object>
		<name>Bentley</name>
		<pose>Unspecified</pose>
		<truncated>0</truncated>
		<difficult>0</difficult>
		<bndbox>
			<xmin>6</xmin>
			<ymin>65</ymin>
			<xmax>500</xmax>
			<ymax>249</ymax>
		</bndbox>
	</object>
</annotation>