<?xml version="1.0" ?><annotation>
	<folder>VOC2007</folder>
	<filename>166.jpg</filename>
	
	<source>
		<database>Unknown</database>
	</source>
	<size>
		<width>512</width>
		<height>352</height>
		<depth>3</depth>
	</size>
	<segmented>0</segmented>
	<object>
		<name>Bentley</name>
		<pose>Unspecified</pose>
		<truncated>1</truncated>
		<difficult>0</difficult>
		<bndbox>
			<xmin>13</xmin>
			<ymin>3</ymin>
			<xmax>415</xmax>
			<ymax>162</ymax>
		</bndbox>
	</object>
</annotation>