<?xml version="1.0" ?><annotation>
	<folder>VOC2007</folder>
	<filename>168.jpg</filename>
	
	<source>
		<database>Unknown</database>
	</source>
	<size>
		<width>499</width>
		<height>396</height>
		<depth>3</depth>
	</size>
	<segmented>0</segmented>
	<object>
		<name>Bentley</name>
		<pose>Unspecified</pose>
		<truncated>1</truncated>
		<difficult>0</difficult>
		<bndbox>
			<xmin>6</xmin>
			<ymin>98</ymin>
			<xmax>498</xmax>
			<ymax>288</ymax>
		</bndbox>
	</object>
</annotation>