<?xml version="1.0" ?><annotation>
	<folder>VOC2007</folder>
	<filename>169.jpg</filename>
	
	<source>
		<database>Unknown</database>
	</source>
	<size>
		<width>511</width>
		<height>357</height>
		<depth>3</depth>
	</size>
	<segmented>0</segmented>
	<object>
		<name>Bentley</name>
		<pose>Unspecified</pose>
		<truncated>0</truncated>
		<difficult>0</difficult>
		<bndbox>
			<xmin>158</xmin>
			<ymin>13</ymin>
			<xmax>443</xmax>
			<ymax>231</ymax>
		</bndbox>
	</object>
</annotation>