<?xml version="1.0" ?><annotation>
	<folder>VOC2007</folder>
	<filename>18.jpg</filename>
	
	<source>
		<database>Unknown</database>
	</source>
	<size>
		<width>482</width>
		<height>377</height>
		<depth>3</depth>
	</size>
	<segmented>0</segmented>
	<object>
		<name>Bentley</name>
		<pose>Unspecified</pose>
		<truncated>1</truncated>
		<difficult>0</difficult>
		<bndbox>
			<xmin>10</xmin>
			<ymin>97</ymin>
			<xmax>482</xmax>
			<ymax>263</ymax>
		</bndbox>
	</object>
</annotation>