<?xml version="1.0" ?><annotation>
	<folder>VOC2007</folder>
	<filename>2.jpg</filename>
	
	<source>
		<database>Unknown</database>
	</source>
	<size>
		<width>516</width>
		<height>396</height>
		<depth>1</depth>
	</size>
	<segmented>0</segmented>
	<object>
		<name>Bentley</name>
		<pose>Unspecified</pose>
		<truncated>0</truncated>
		<difficult>0</difficult>
		<bndbox>
			<xmin>18</xmin>
			<ymin>35</ymin>
			<xmax>499</xmax>
			<ymax>252</ymax>
		</bndbox>
	</object>
</annotation>