<?xml version="1.0" ?><annotation>
	<folder>VOC2007</folder>
	<filename>20.jpg</filename>
	
	<source>
		<database>Unknown</database>
	</source>
	<size>
		<width>491</width>
		<height>385</height>
		<depth>1</depth>
	</size>
	<segmented>0</segmented>
	<object>
		<name>Bentley</name>
		<pose>Unspecified</pose>
		<truncated>0</truncated>
		<difficult>0</difficult>
		<bndbox>
			<xmin>7</xmin>
			<ymin>56</ymin>
			<xmax>206</xmax>
			<ymax>142</ymax>
		</bndbox>
	</object>
	<object>
		<name>Bentley</name>
		<pose>Unspecified</pose>
		<truncated>0</truncated>
		<difficult>0</difficult>
		<bndbox>
			<xmin>246</xmin>
			<ymin>50</ymin>
			<xmax>464</xmax>
			<ymax>175</ymax>
		</bndbox>
	</object>
	<object>
		<name>Bentley</name>
		<pose>Unspecified</pose>
		<truncated>0</truncated>
		<difficult>0</difficult>
		<bndbox>
			<xmin>17</xmin>
			<ymin>250</ymin>
			<xmax>198</xmax>
			<ymax>310</ymax>
		</bndbox>
	</object>
	<object>
		<name>Bentley</name>
		<pose>Unspecified</pose>
		<truncated>0</truncated>
		<difficult>0</difficult>
		<bndbox>
			<xmin>311</xmin>
			<ymin>220</ymin>
			<xmax>471</xmax>
			<ymax>379</ymax>
		</bndbox>
	</object>
</annotation>