<?xml version="1.0" ?><annotation>
	<folder>VOC2007</folder>
	<filename>25.jpg</filename>
	
	<source>
		<database>Unknown</database>
	</source>
	<size>
		<width>493</width>
		<height>373</height>
		<depth>1</depth>
	</size>
	<segmented>0</segmented>
	<object>
		<name>Bentley</name>
		<pose>Unspecified</pose>
		<truncated>0</truncated>
		<difficult>0</difficult>
		<bndbox>
			<xmin>116</xmin>
			<ymin>62</ymin>
			<xmax>350</xmax>
			<ymax>125</ymax>
		</bndbox>
	</object>
</annotation>