<?xml version="1.0" ?><annotation>
	<folder>VOC2007</folder>
	<filename>29.jpg</filename>
	
	<source>
		<database>Unknown</database>
	</source>
	<size>
		<width>510</width>
		<height>372</height>
		<depth>3</depth>
	</size>
	<segmented>0</segmented>
	<object>
		<name>Bentley</name>
		<pose>Unspecified</pose>
		<truncated>0</truncated>
		<difficult>0</difficult>
		<bndbox>
			<xmin>57</xmin>
			<ymin>38</ymin>
			<xmax>417</xmax>
			<ymax>103</ymax>
		</bndbox>
	</object>
	<object>
		<name>Bentley</name>
		<pose>Unspecified</pose>
		<truncated>0</truncated>
		<difficult>0</difficult>
		<bndbox>
			<xmin>63</xmin>
			<ymin>109</ymin>
			<xmax>452</xmax>
			<ymax>205</ymax>
		</bndbox>
	</object>
	<object>
		<name>Bentley</name>
		<pose>Unspecified</pose>
		<truncated>0</truncated>
		<difficult>0</difficult>
		<bndbox>
			<xmin>74</xmin>
			<ymin>209</ymin>
			<xmax>472</xmax>
			<ymax>343</ymax>
		</bndbox>
	</object>
</annotation>