<?xml version="1.0" ?><annotation>
	<folder>VOC2007</folder>
	<filename>30.jpg</filename>
	
	<source>
		<database>Unknown</database>
	</source>
	<size>
		<width>516</width>
		<height>383</height>
		<depth>3</depth>
	</size>
	<segmented>0</segmented>
	<object>
		<name>Bentley</name>
		<pose>Unspecified</pose>
		<truncated>0</truncated>
		<difficult>0</difficult>
		<bndbox>
			<xmin>173</xmin>
			<ymin>59</ymin>
			<xmax>504</xmax>
			<ymax>244</ymax>
		</bndbox>
	</object>
</annotation>