<?xml version="1.0" ?><annotation>
	<folder>VOC2007</folder>
	<filename>31.jpg</filename>
	
	<source>
		<database>Unknown</database>
	</source>
	<size>
		<width>512</width>
		<height>377</height>
		<depth>3</depth>
	</size>
	<segmented>0</segmented>
	<object>
		<name>Bentley</name>
		<pose>Unspecified</pose>
		<truncated>0</truncated>
		<difficult>0</difficult>
		<bndbox>
			<xmin>100</xmin>
			<ymin>125</ymin>
			<xmax>378</xmax>
			<ymax>216</ymax>
		</bndbox>
	</object>
</annotation>