<?xml version="1.0" ?><annotation>
	<folder>VOC2007</folder>
	<filename>36.jpg</filename>
	
	<source>
		<database>Unknown</database>
	</source>
	<size>
		<width>480</width>
		<height>354</height>
		<depth>3</depth>
	</size>
	<segmented>0</segmented>
	<object>
		<name>Bentley</name>
		<pose>Unspecified</pose>
		<truncated>0</truncated>
		<difficult>0</difficult>
		<bndbox>
			<xmin>98</xmin>
			<ymin>103</ymin>
			<xmax>379</xmax>
			<ymax>233</ymax>
		</bndbox>
	</object>
</annotation>