<?xml version="1.0" ?><annotation>
	<folder>VOC2007</folder>
	<filename>37.jpg</filename>
	
	<source>
		<database>Unknown</database>
	</source>
	<size>
		<width>516</width>
		<height>351</height>
		<depth>3</depth>
	</size>
	<segmented>0</segmented>
	<object>
		<name>Bentley</name>
		<pose>Unspecified</pose>
		<truncated>0</truncated>
		<difficult>0</difficult>
		<bndbox>
			<xmin>142</xmin>
			<ymin>86</ymin>
			<xmax>381</xmax>
			<ymax>164</ymax>
		</bndbox>
	</object>
</annotation>