<?xml version="1.0" ?><annotation>
	<folder>VOC2007</folder>
	<filename>42.jpg</filename>
	
	<source>
		<database>Unknown</database>
	</source>
	<size>
		<width>389</width>
		<height>523</height>
		<depth>3</depth>
	</size>
	<segmented>0</segmented>
	<object>
		<name>Bentley</name>
		<pose>Unspecified</pose>
		<truncated>0</truncated>
		<difficult>0</difficult>
		<bndbox>
			<xmin>10</xmin>
			<ymin>238</ymin>
			<xmax>368</xmax>
			<ymax>390</ymax>
		</bndbox>
	</object>
</annotation>