<?xml version="1.0" ?><annotation>
	<folder>VOC2007</folder>
	<filename>44.jpg</filename>
	
	<source>
		<database>Unknown</database>
	</source>
	<size>
		<width>519</width>
		<height>361</height>
		<depth>3</depth>
	</size>
	<segmented>0</segmented>
	<object>
		<name>Bentley</name>
		<pose>Unspecified</pose>
		<truncated>1</truncated>
		<difficult>0</difficult>
		<bndbox>
			<xmin>1</xmin>
			<ymin>85</ymin>
			<xmax>519</xmax>
			<ymax>271</ymax>
		</bndbox>
	</object>
</annotation>