<?xml version="1.0" ?><annotation>
	<folder>VOC2007</folder>
	<filename>48.jpg</filename>
	
	<source>
		<database>Unknown</database>
	</source>
	<size>
		<width>524</width>
		<height>388</height>
		<depth>3</depth>
	</size>
	<segmented>0</segmented>
	<object>
		<name>Bentley</name>
		<pose>Unspecified</pose>
		<truncated>0</truncated>
		<difficult>0</difficult>
		<bndbox>
			<xmin>68</xmin>
			<ymin>127</ymin>
			<xmax>455</xmax>
			<ymax>288</ymax>
		</bndbox>
	</object>
</annotation>