<?xml version="1.0" ?><annotation>
	<folder>VOC2007</folder>
	<filename>55.jpg</filename>
	
	<source>
		<database>Unknown</database>
	</source>
	<size>
		<width>482</width>
		<height>356</height>
		<depth>3</depth>
	</size>
	<segmented>0</segmented>
	<object>
		<name>Bentley</name>
		<pose>Unspecified</pose>
		<truncated>0</truncated>
		<difficult>0</difficult>
		<bndbox>
			<xmin>16</xmin>
			<ymin>99</ymin>
			<xmax>451</xmax>
			<ymax>256</ymax>
		</bndbox>
	</object>
</annotation>