<?xml version="1.0" ?><annotation>
	<folder>VOC2007</folder>
	<filename>56.jpg</filename>
	
	<source>
		<database>Unknown</database>
	</source>
	<size>
		<width>502</width>
		<height>350</height>
		<depth>3</depth>
	</size>
	<segmented>0</segmented>
	<object>
		<name>Bentley</name>
		<pose>Unspecified</pose>
		<truncated>0</truncated>
		<difficult>0</difficult>
		<bndbox>
			<xmin>127</xmin>
			<ymin>133</ymin>
			<xmax>196</xmax>
			<ymax>252</ymax>
		</bndbox>
	</object>
</annotation>