<?xml version="1.0" ?><annotation>
	<folder>VOC2007</folder>
	<filename>57.jpg</filename>
	
	<source>
		<database>Unknown</database>
	</source>
	<size>
		<width>523</width>
		<height>390</height>
		<depth>1</depth>
	</size>
	<segmented>0</segmented>
	<object>
		<name>Bentley</name>
		<pose>Unspecified</pose>
		<truncated>0</truncated>
		<difficult>0</difficult>
		<bndbox>
			<xmin>30</xmin>
			<ymin>50</ymin>
			<xmax>505</xmax>
			<ymax>347</ymax>
		</bndbox>
	</object>
</annotation>