<?xml version="1.0" ?><annotation>
	<folder>VOC2007</folder>
	<filename>59.jpg</filename>
	
	<source>
		<database>Unknown</database>
	</source>
	<size>
		<width>491</width>
		<height>395</height>
		<depth>3</depth>
	</size>
	<segmented>0</segmented>
	<object>
		<name>Bentley</name>
		<pose>Unspecified</pose>
		<truncated>0</truncated>
		<difficult>0</difficult>
		<bndbox>
			<xmin>22</xmin>
			<ymin>111</ymin>
			<xmax>441</xmax>
			<ymax>276</ymax>
		</bndbox>
	</object>
</annotation>