<?xml version="1.0" ?><annotation>
	<folder>VOC2007</folder>
	<filename>6.jpg</filename>
	
	<source>
		<database>Unknown</database>
	</source>
	<size>
		<width>500</width>
		<height>380</height>
		<depth>3</depth>
	</size>
	<segmented>0</segmented>
	<object>
		<name>Bentley</name>
		<pose>Unspecified</pose>
		<truncated>0</truncated>
		<difficult>0</difficult>
		<bndbox>
			<xmin>78</xmin>
			<ymin>117</ymin>
			<xmax>434</xmax>
			<ymax>270</ymax>
		</bndbox>
	</object>
</annotation>