<?xml version="1.0" ?><annotation>
	<folder>VOC2007</folder>
	<filename>61.jpg</filename>
	
	<source>
		<database>Unknown</database>
	</source>
	<size>
		<width>512</width>
		<height>382</height>
		<depth>1</depth>
	</size>
	<segmented>0</segmented>
	<object>
		<name>Bentley</name>
		<pose>Unspecified</pose>
		<truncated>0</truncated>
		<difficult>0</difficult>
		<bndbox>
			<xmin>208</xmin>
			<ymin>196</ymin>
			<xmax>325</xmax>
			<ymax>248</ymax>
		</bndbox>
	</object>
</annotation>