<?xml version="1.0" ?><annotation>
	<folder>VOC2007</folder>
	<filename>63.jpg</filename>
	
	<source>
		<database>Unknown</database>
	</source>
	<size>
		<width>486</width>
		<height>357</height>
		<depth>3</depth>
	</size>
	<segmented>0</segmented>
	<object>
		<name>Bentley</name>
		<pose>Unspecified</pose>
		<truncated>0</truncated>
		<difficult>0</difficult>
		<bndbox>
			<xmin>105</xmin>
			<ymin>48</ymin>
			<xmax>473</xmax>
			<ymax>264</ymax>
		</bndbox>
	</object>
</annotation>