<?xml version="1.0" ?><annotation>
	<folder>VOC2007</folder>
	<filename>66.jpg</filename>
	
	<source>
		<database>Unknown</database>
	</source>
	<size>
		<width>486</width>
		<height>355</height>
		<depth>3</depth>
	</size>
	<segmented>0</segmented>
	<object>
		<name>Bentley</name>
		<pose>Unspecified</pose>
		<truncated>0</truncated>
		<difficult>0</difficult>
		<bndbox>
			<xmin>118</xmin>
			<ymin>41</ymin>
			<xmax>365</xmax>
			<ymax>279</ymax>
		</bndbox>
	</object>
</annotation>