<?xml version="1.0" ?><annotation>
	<folder>VOC2007</folder>
	<filename>68.jpg</filename>
	
	<source>
		<database>Unknown</database>
	</source>
	<size>
		<width>515</width>
		<height>360</height>
		<depth>3</depth>
	</size>
	<segmented>0</segmented>
	<object>
		<name>Bentley</name>
		<pose>Unspecified</pose>
		<truncated>0</truncated>
		<difficult>0</difficult>
		<bndbox>
			<xmin>19</xmin>
			<ymin>55</ymin>
			<xmax>495</xmax>
			<ymax>209</ymax>
		</bndbox>
	</object>
</annotation>