<?xml version="1.0" ?><annotation>
	<folder>VOC2007</folder>
	<filename>7.jpg</filename>
	
	<source>
		<database>Unknown</database>
	</source>
	<size>
		<width>508</width>
		<height>396</height>
		<depth>1</depth>
	</size>
	<segmented>0</segmented>
	<object>
		<name>Bentley</name>
		<pose>Unspecified</pose>
		<truncated>0</truncated>
		<difficult>0</difficult>
		<bndbox>
			<xmin>107</xmin>
			<ymin>138</ymin>
			<xmax>398</xmax>
			<ymax>240</ymax>
		</bndbox>
	</object>
</annotation>