<?xml version="1.0" ?><annotation>
	<folder>VOC2007</folder>
	<filename>72.jpg</filename>
	
	<source>
		<database>Unknown</database>
	</source>
	<size>
		<width>512</width>
		<height>374</height>
		<depth>3</depth>
	</size>
	<segmented>0</segmented>
	<object>
		<name>Bentley</name>
		<pose>Unspecified</pose>
		<truncated>0</truncated>
		<difficult>0</difficult>
		<bndbox>
			<xmin>90</xmin>
			<ymin>61</ymin>
			<xmax>383</xmax>
			<ymax>235</ymax>
		</bndbox>
	</object>
</annotation>