<?xml version="1.0" ?><annotation>
	<folder>VOC2007</folder>
	<filename>76.jpg</filename>
	
	<source>
		<database>Unknown</database>
	</source>
	<size>
		<width>516</width>
		<height>377</height>
		<depth>3</depth>
	</size>
	<segmented>0</segmented>
	<object>
		<name>Bentley</name>
		<pose>Unspecified</pose>
		<truncated>0</truncated>
		<difficult>0</difficult>
		<bndbox>
			<xmin>140</xmin>
			<ymin>110</ymin>
			<xmax>373</xmax>
			<ymax>214</ymax>
		</bndbox>
	</object>
</annotation>