<?xml version="1.0" ?><annotation>
	<folder>VOC2007</folder>
	<filename>77.jpg</filename>
	
	<source>
		<database>Unknown</database>
	</source>
	<size>
		<width>490</width>
		<height>371</height>
		<depth>3</depth>
	</size>
	<segmented>0</segmented>
	<object>
		<name>Bentley</name>
		<pose>Unspecified</pose>
		<truncated>0</truncated>
		<difficult>0</difficult>
		<bndbox>
			<xmin>71</xmin>
			<ymin>128</ymin>
			<xmax>415</xmax>
			<ymax>246</ymax>
		</bndbox>
	</object>
</annotation>