<?xml version="1.0" ?><annotation>
	<folder>VOC2007</folder>
	<filename>8.jpg</filename>
	
	<source>
		<database>Unknown</database>
	</source>
	<size>
		<width>496</width>
		<height>376</height>
		<depth>3</depth>
	</size>
	<segmented>0</segmented>
	<object>
		<name>Bentley</name>
		<pose>Unspecified</pose>
		<truncated>0</truncated>
		<difficult>0</difficult>
		<bndbox>
			<xmin>67</xmin>
			<ymin>39</ymin>
			<xmax>402</xmax>
			<ymax>283</ymax>
		</bndbox>
	</object>
</annotation>