<?xml version="1.0" ?><annotation>
	<folder>VOC2007</folder>
	<filename>80.jpg</filename>
	
	<source>
		<database>Unknown</database>
	</source>
	<size>
		<width>491</width>
		<height>352</height>
		<depth>3</depth>
	</size>
	<segmented>0</segmented>
	<object>
		<name>Bentley</name>
		<pose>Unspecified</pose>
		<truncated>0</truncated>
		<difficult>0</difficult>
		<bndbox>
			<xmin>37</xmin>
			<ymin>81</ymin>
			<xmax>458</xmax>
			<ymax>214</ymax>
		</bndbox>
	</object>
</annotation>