<?xml version="1.0" ?><annotation>
	<folder>VOC2007</folder>
	<filename>81.jpg</filename>
	
	<source>
		<database>Unknown</database>
	</source>
	<size>
		<width>496</width>
		<height>366</height>
		<depth>3</depth>
	</size>
	<segmented>0</segmented>
	<object>
		<name>Bentley</name>
		<pose>Unspecified</pose>
		<truncated>0</truncated>
		<difficult>0</difficult>
		<bndbox>
			<xmin>21</xmin>
			<ymin>79</ymin>
			<xmax>480</xmax>
			<ymax>312</ymax>
		</bndbox>
	</object>
</annotation>