<?xml version="1.0" ?><annotation>
	<folder>VOC2007</folder>
	<filename>83.jpg</filename>
	
	<source>
		<database>Unknown</database>
	</source>
	<size>
		<width>500</width>
		<height>389</height>
		<depth>3</depth>
	</size>
	<segmented>0</segmented>
	<object>
		<name>Bentley</name>
		<pose>Unspecified</pose>
		<truncated>0</truncated>
		<difficult>0</difficult>
		<bndbox>
			<xmin>47</xmin>
			<ymin>104</ymin>
			<xmax>476</xmax>
			<ymax>303</ymax>
		</bndbox>
	</object>
</annotation>