<?xml version="1.0" ?><annotation>
	<folder>VOC2007</folder>
	<filename>85.jpg</filename>
	
	<source>
		<database>Unknown</database>
	</source>
	<size>
		<width>517</width>
		<height>386</height>
		<depth>3</depth>
	</size>
	<segmented>0</segmented>
	<object>
		<name>Bentley</name>
		<pose>Unspecified</pose>
		<truncated>0</truncated>
		<difficult>0</difficult>
		<bndbox>
			<xmin>25</xmin>
			<ymin>106</ymin>
			<xmax>491</xmax>
			<ymax>271</ymax>
		</bndbox>
	</object>
</annotation>