<?xml version="1.0" ?><annotation>
	<folder>VOC2007</folder>
	<filename>87.jpg</filename>
	
	<source>
		<database>Unknown</database>
	</source>
	<size>
		<width>503</width>
		<height>371</height>
		<depth>3</depth>
	</size>
	<segmented>0</segmented>
	<object>
		<name>Bentley</name>
		<pose>Unspecified</pose>
		<truncated>0</truncated>
		<difficult>0</difficult>
		<bndbox>
			<xmin>27</xmin>
			<ymin>78</ymin>
			<xmax>468</xmax>
			<ymax>233</ymax>
		</bndbox>
	</object>
</annotation>