<?xml version="1.0" ?><annotation>
	<folder>VOC2007</folder>
	<filename>91.jpg</filename>
	
	<source>
		<database>Unknown</database>
	</source>
	<size>
		<width>485</width>
		<height>372</height>
		<depth>1</depth>
	</size>
	<segmented>0</segmented>
	<object>
		<name>Bentley</name>
		<pose>Unspecified</pose>
		<truncated>0</truncated>
		<difficult>0</difficult>
		<bndbox>
			<xmin>115</xmin>
			<ymin>30</ymin>
			<xmax>369</xmax>
			<ymax>192</ymax>
		</bndbox>
	</object>
</annotation>