<?xml version="1.0" ?><annotation>
	<folder>VOC2007</folder>
	<filename>93.jpg</filename>
	
	<source>
		<database>Unknown</database>
	</source>
	<size>
		<width>501</width>
		<height>357</height>
		<depth>3</depth>
	</size>
	<segmented>0</segmented>
	<object>
		<name>Bentley</name>
		<pose>Unspecified</pose>
		<truncated>0</truncated>
		<difficult>0</difficult>
		<bndbox>
			<xmin>44</xmin>
			<ymin>62</ymin>
			<xmax>463</xmax>
			<ymax>209</ymax>
		</bndbox>
	</object>
</annotation>