<?xml version="1.0" ?><annotation>
	<folder>VOC2007</folder>
	<filename>96.jpg</filename>
	
	<source>
		<database>Unknown</database>
	</source>
	<size>
		<width>488</width>
		<height>359</height>
		<depth>3</depth>
	</size>
	<segmented>0</segmented>
	<object>
		<name>Bentley</name>
		<pose>Unspecified</pose>
		<truncated>0</truncated>
		<difficult>0</difficult>
		<bndbox>
			<xmin>39</xmin>
			<ymin>84</ymin>
			<xmax>255</xmax>
			<ymax>182</ymax>
		</bndbox>
	</object>
</annotation>