<?xml version="1.0" ?><annotation>
	<folder>VOC2007</folder>
	<filename>98.jpg</filename>
	
	<source>
		<database>Unknown</database>
	</source>
	<size>
		<width>485</width>
		<height>392</height>
		<depth>3</depth>
	</size>
	<segmented>0</segmented>
	<object>
		<name>Bentley</name>
		<pose>Unspecified</pose>
		<truncated>0</truncated>
		<difficult>0</difficult>
		<bndbox>
			<xmin>94</xmin>
			<ymin>122</ymin>
			<xmax>382</xmax>
			<ymax>241</ymax>
		</bndbox>
	</object>
</annotation>