<?xml version="1.0" ?><annotation>
	<folder>VOC2007</folder>
	<filename>99.jpg</filename>
	
	<source>
		<database>Unknown</database>
	</source>
	<size>
		<width>486</width>
		<height>365</height>
		<depth>1</depth>
	</size>
	<segmented>0</segmented>
	<object>
		<name>Bentley</name>
		<pose>Unspecified</pose>
		<truncated>0</truncated>
		<difficult>0</difficult>
		<bndbox>
			<xmin>142</xmin>
			<ymin>157</ymin>
			<xmax>336</xmax>
			<ymax>245</ymax>
		</bndbox>
	</object>
</annotation>