<?xml version="1.0" ?><annotation verified="no">
	<folder>VOC2007</folder>
	<filename>0.jpg</filename>
	
	<source>
		<database>Unknown</database>
	</source>
	<size>
		<width>494</width>
		<height>367</height>
		<depth>3</depth>
	</size>
	<segmented>0</segmented>
	<object>
		<name>Chevrolet</name>
		<pose>Unspecified</pose>
		<truncated>1</truncated>
		<difficult>0</difficult>
		<bndbox>
			<xmin>51</xmin>
			<ymin>1</ymin>
			<xmax>443</xmax>
			<ymax>221</ymax>
		</bndbox>
	</object>
</annotation>