<?xml version="1.0" ?><annotation verified="no">
	<folder>VOC2007</folder>
	<filename>1.jpg</filename>
	
	<source>
		<database>Unknown</database>
	</source>
	<size>
		<width>500</width>
		<height>392</height>
		<depth>3</depth>
	</size>
	<segmented>0</segmented>
	<object>
		<name>Chevrolet</name>
		<pose>Unspecified</pose>
		<truncated>0</truncated>
		<difficult>0</difficult>
		<bndbox>
			<xmin>10</xmin>
			<ymin>65</ymin>
			<xmax>488</xmax>
			<ymax>255</ymax>
		</bndbox>
	</object>
</annotation>