<?xml version="1.0" ?><annotation verified="no">
	<folder>VOC2007</folder>
	<filename>13.jpg</filename>
	
	<source>
		<database>Unknown</database>
	</source>
	<size>
		<width>480</width>
		<height>380</height>
		<depth>1</depth>
	</size>
	<segmented>0</segmented>
	<object>
		<name>Chevrolet</name>
		<pose>Unspecified</pose>
		<truncated>1</truncated>
		<difficult>0</difficult>
		<bndbox>
			<xmin>13</xmin>
			<ymin>125</ymin>
			<xmax>480</xmax>
			<ymax>268</ymax>
		</bndbox>
	</object>
</annotation>