<?xml version="1.0" ?><annotation verified="no">
	<folder>VOC2007</folder>
	<filename>15.jpg</filename>
	
	<source>
		<database>Unknown</database>
	</source>
	<size>
		<width>484</width>
		<height>351</height>
		<depth>3</depth>
	</size>
	<segmented>0</segmented>
	<object>
		<name>Chevrolet</name>
		<pose>Unspecified</pose>
		<truncated>0</truncated>
		<difficult>0</difficult>
		<bndbox>
			<xmin>11</xmin>
			<ymin>69</ymin>
			<xmax>480</xmax>
			<ymax>275</ymax>
		</bndbox>
	</object>
</annotation>