<?xml version="1.0" ?><annotation verified="no">
	<folder>VOC2007</folder>
	<filename>2.jpg</filename>
	
	<source>
		<database>Unknown</database>
	</source>
	<size>
		<width>497</width>
		<height>371</height>
		<depth>3</depth>
	</size>
	<segmented>0</segmented>
	<object>
		<name>Chevrolet</name>
		<pose>Unspecified</pose>
		<truncated>0</truncated>
		<difficult>0</difficult>
		<bndbox>
			<xmin>15</xmin>
			<ymin>14</ymin>
			<xmax>496</xmax>
			<ymax>234</ymax>
		</bndbox>
	</object>
</annotation>