<?xml version="1.0" ?><annotation verified="no">
	<folder>VOC2007</folder>
	<filename>202.jpg</filename>
	
	<source>
		<database>Unknown</database>
	</source>
	<size>
		<width>300</width>
		<height>300</height>
		<depth>3</depth>
	</size>
	<segmented>0</segmented>
	<object>
		<name>Chevrolet</name>
		<pose>Unspecified</pose>
		<truncated>0</truncated>
		<difficult>0</difficult>
		<bndbox>
			<xmin>0</xmin>
			<ymin>90</ymin>
			<xmax>300</xmax>
			<ymax>215</ymax>
		</bndbox>
	</object>
</annotation>