<?xml version="1.0" ?><annotation verified="no">
	<folder>VOC2007</folder>
	<filename>205.jpg</filename>
	
	<source>
		<database>Unknown</database>
	</source>
	<size>
		<width> 430 </width>
		<height> 236 </height>
		<depth> 3 </depth>
	</size>
	<segmented>0</segmented>
	<object>
		<name>Chevrolet</name>
		<pose>Unspecified</pose>
		<truncated>0</truncated>
		<difficult>0</difficult>
		<bndbox>
			<xmin> 64 </xmin>
			<ymin> 26 </ymin>
			<xmax> 350 </xmax>
			<ymax> 137 </ymax>
		</bndbox>
	</object>
</annotation>