<?xml version="1.0" ?><annotation verified="no">
	<folder>VOC2007</folder>
	<filename>21.jpg</filename>
	
	<source>
		<database>Unknown</database>
	</source>
	<size>
		<width>523</width>
		<height>384</height>
		<depth>3</depth>
	</size>
	<segmented>0</segmented>
	<object>
		<name>Chevrolet</name>
		<pose>Unspecified</pose>
		<truncated>0</truncated>
		<difficult>0</difficult>
		<bndbox>
			<xmin>22</xmin>
			<ymin>246</ymin>
			<xmax>185</xmax>
			<ymax>328</ymax>
		</bndbox>
	</object>
	<object>
		<name>Chevrolet</name>
		<pose>Unspecified</pose>
		<truncated>0</truncated>
		<difficult>0</difficult>
		<bndbox>
			<xmin>192</xmin>
			<ymin>243</ymin>
			<xmax>332</xmax>
			<ymax>315</ymax>
		</bndbox>
	</object>
	<object>
		<name>Chevrolet</name>
		<pose>Unspecified</pose>
		<truncated>0</truncated>
		<difficult>0</difficult>
		<bndbox>
			<xmin>361</xmin>
			<ymin>251</ymin>
			<xmax>512</xmax>
			<ymax>311</ymax>
		</bndbox>
	</object>
	<object>
		<name>Chevrolet</name>
		<pose>Unspecified</pose>
		<truncated>0</truncated>
		<difficult>0</difficult>
		<bndbox>
			<xmin>191</xmin>
			<ymin>151</ymin>
			<xmax>359</xmax>
			<ymax>211</ymax>
		</bndbox>
	</object>
	<object>
		<name>Chevrolet</name>
		<pose>Unspecified</pose>
		<truncated>0</truncated>
		<difficult>0</difficult>
		<bndbox>
			<xmin>352</xmin>
			<ymin>137</ymin>
			<xmax>512</xmax>
			<ymax>209</ymax>
		</bndbox>
	</object>
	<object>
		<name>Chevrolet</name>
		<pose>Unspecified</pose>
		<truncated>0</truncated>
		<difficult>0</difficult>
		<bndbox>
			<xmin>9</xmin>
			<ymin>134</ymin>
			<xmax>190</xmax>
			<ymax>213</ymax>
		</bndbox>
	</object>
	<object>
		<name>Chevrolet</name>
		<pose>Unspecified</pose>
		<truncated>0</truncated>
		<difficult>0</difficult>
		<bndbox>
			<xmin>174</xmin>
			<ymin>37</ymin>
			<xmax>354</xmax>
			<ymax>94</ymax>
		</bndbox>
	</object>
	<object>
		<name>Chevrolet</name>
		<pose>Unspecified</pose>
		<truncated>1</truncated>
		<difficult>0</difficult>
		<bndbox>
			<xmin>333</xmin>
			<ymin>18</ymin>
			<xmax>523</xmax>
			<ymax>104</ymax>
		</bndbox>
	</object>
</annotation>