<?xml version="1.0" ?><annotation verified="no">
	<folder>VOC2007</folder>
	<filename>218.jpg </filename>
	
	<source>
		<database>Unknown</database>
	</source>
	<size>
		<width> 350 </width>
		<height> 263 </height>
		<depth> 3 </depth>
	</size>
	<segmented>0</segmented>
	<object>
		<name>Chevrolet</name>
		<pose>Unspecified</pose>
		<truncated>0</truncated>
		<difficult>0</difficult>
		<bndbox>
			<xmin> 0 </xmin>
			<ymin> 50 </ymin>
			<xmax> 1970 </xmax>
			<ymax> 780 </ymax>
		</bndbox>
	</object>
</annotation>