<?xml version="1.0" ?><annotation verified="no">
	<folder>VOC2007</folder>
	<filename>23.jpg</filename>
	
	<source>
		<database>Unknown</database>
	</source>
	<size>
		<width>512</width>
		<height>388</height>
		<depth>3</depth>
	</size>
	<segmented>0</segmented>
	<object>
		<name>Chevrolet</name>
		<pose>Unspecified</pose>
		<truncated>0</truncated>
		<difficult>0</difficult>
		<bndbox>
			<xmin>17</xmin>
			<ymin>17</ymin>
			<xmax>505</xmax>
			<ymax>249</ymax>
		</bndbox>
	</object>
</annotation>