<?xml version="1.0" ?><annotation verified="no">
	<folder>VOC2007</folder>
	<filename>26.jpg</filename>
	
	<source>
		<database>Unknown</database>
	</source>
	<size>
		<width>396</width>
		<height>522</height>
		<depth>3</depth>
	</size>
	<segmented>0</segmented>
	<object>
		<name>Chevrolet</name>
		<pose>Unspecified</pose>
		<truncated>0</truncated>
		<difficult>0</difficult>
		<bndbox>
			<xmin>31</xmin>
			<ymin>208</ymin>
			<xmax>375</xmax>
			<ymax>375</ymax>
		</bndbox>
	</object>
</annotation>