<?xml version="1.0" ?><annotation verified="no">
	<folder>VOC2007</folder>
	<filename>28.jpg</filename>
	
	<source>
		<database>Unknown</database>
	</source>
	<size>
		<width>502</width>
		<height>352</height>
		<depth>3</depth>
	</size>
	<segmented>0</segmented>
	<object>
		<name>Chevrolet</name>
		<pose>Unspecified</pose>
		<truncated>1</truncated>
		<difficult>0</difficult>
		<bndbox>
			<xmin>19</xmin>
			<ymin>25</ymin>
			<xmax>502</xmax>
			<ymax>211</ymax>
		</bndbox>
	</object>
</annotation>