<?xml version="1.0" ?><annotation verified="no">
	<folder>VOC2007</folder>
	<filename>3.jpg</filename>
	
	<source>
		<database>Unknown</database>
	</source>
	<size>
		<width>480</width>
		<height>395</height>
		<depth>3</depth>
	</size>
	<segmented>0</segmented>
	<object>
		<name>Chevrolet</name>
		<pose>Unspecified</pose>
		<truncated>0</truncated>
		<difficult>0</difficult>
		<bndbox>
			<xmin>55</xmin>
			<ymin>73</ymin>
			<xmax>431</xmax>
			<ymax>250</ymax>
		</bndbox>
	</object>
</annotation>