<?xml version="1.0" ?><annotation verified="no">
	<folder>VOC2007</folder>
	<filename>30.jpg</filename>
	
	<source>
		<database>Unknown</database>
	</source>
	<size>
		<width>523</width>
		<height>367</height>
		<depth>3</depth>
	</size>
	<segmented>0</segmented>
	<object>
		<name>Chevrolet</name>
		<pose>Unspecified</pose>
		<truncated>0</truncated>
		<difficult>0</difficult>
		<bndbox>
			<xmin>86</xmin>
			<ymin>100</ymin>
			<xmax>446</xmax>
			<ymax>207</ymax>
		</bndbox>
	</object>
</annotation>