<?xml version="1.0" ?><annotation verified="no">
	<folder>VOC2007</folder>
	<filename>303.jpg</filename>
	
	<source>
		<database>Unknown</database>
	</source>
	<size>
		<width> 687 </width>
		<height> 345 </height>
		<depth>3</depth>
	</size>
	<segmented>0</segmented>
	<object>
		<name>Chevrolet</name>
		<pose>Unspecified</pose>
		<truncated>0</truncated>
		<difficult>0</difficult>
		<bndbox>
			<xmin> 80 </xmin>
			<ymin> 0 </ymin>
			<xmax> 590 </xmax>
			<ymax> 200 </ymax>
		</bndbox>
	</object>
</annotation>