<?xml version="1.0" ?><annotation verified="no">
	<folder>VOC2007</folder>
	<filename>31.jpg</filename>
	
	<source>
		<database>Unknown</database>
	</source>
	<size>
		<width>482</width>
		<height>364</height>
		<depth>3</depth>
	</size>
	<segmented>0</segmented>
	<object>
		<name>Chevrolet</name>
		<pose>Unspecified</pose>
		<truncated>0</truncated>
		<difficult>0</difficult>
		<bndbox>
			<xmin>115</xmin>
			<ymin>215</ymin>
			<xmax>182</xmax>
			<ymax>254</ymax>
		</bndbox>
	</object>
	<object>
		<name>Chevrolet</name>
		<pose>Unspecified</pose>
		<truncated>0</truncated>
		<difficult>0</difficult>
		<bndbox>
			<xmin>194</xmin>
			<ymin>221</ymin>
			<xmax>263</xmax>
			<ymax>258</ymax>
		</bndbox>
	</object>
	<object>
		<name>Chevrolet</name>
		<pose>Unspecified</pose>
		<truncated>0</truncated>
		<difficult>0</difficult>
		<bndbox>
			<xmin>261</xmin>
			<ymin>217</ymin>
			<xmax>346</xmax>
			<ymax>254</ymax>
		</bndbox>
	</object>
	<object>
		<name>Chevrolet</name>
		<pose>Unspecified</pose>
		<truncated>0</truncated>
		<difficult>0</difficult>
		<bndbox>
			<xmin>344</xmin>
			<ymin>215</ymin>
			<xmax>416</xmax>
			<ymax>258</ymax>
		</bndbox>
	</object>
	<object>
		<name>Chevrolet</name>
		<pose>Unspecified</pose>
		<truncated>1</truncated>
		<difficult>0</difficult>
		<bndbox>
			<xmin>380</xmin>
			<ymin>313</ymin>
			<xmax>478</xmax>
			<ymax>364</ymax>
		</bndbox>
	</object>
</annotation>