<?xml version="1.0" ?><annotation verified="no">
	<folder>VOC2007</folder>
	<filename>32.jpg</filename>
	
	<source>
		<database>Unknown</database>
	</source>
	<size>
		<width>506</width>
		<height>368</height>
		<depth>3</depth>
	</size>
	<segmented>0</segmented>
	<object>
		<name>Chevrolet</name>
		<pose>Unspecified</pose>
		<truncated>0</truncated>
		<difficult>0</difficult>
		<bndbox>
			<xmin>60</xmin>
			<ymin>139</ymin>
			<xmax>247</xmax>
			<ymax>222</ymax>
		</bndbox>
	</object>
	<object>
		<name>Chevrolet</name>
		<pose>Unspecified</pose>
		<truncated>0</truncated>
		<difficult>0</difficult>
		<bndbox>
			<xmin>52</xmin>
			<ymin>263</ymin>
			<xmax>220</xmax>
			<ymax>331</ymax>
		</bndbox>
	</object>
	<object>
		<name>Chevrolet</name>
		<pose>Unspecified</pose>
		<truncated>0</truncated>
		<difficult>0</difficult>
		<bndbox>
			<xmin>318</xmin>
			<ymin>150</ymin>
			<xmax>500</xmax>
			<ymax>222</ymax>
		</bndbox>
	</object>
	<object>
		<name>Chevrolet</name>
		<pose>Unspecified</pose>
		<truncated>0</truncated>
		<difficult>0</difficult>
		<bndbox>
			<xmin>327</xmin>
			<ymin>232</ymin>
			<xmax>491</xmax>
			<ymax>300</ymax>
		</bndbox>
	</object>
</annotation>