<?xml version="1.0" ?><annotation verified="no">
	<folder>VOC2007</folder>
	<filename>36.jpg</filename>
	
	<source>
		<database>Unknown</database>
	</source>
	<size>
		<width>499</width>
		<height>395</height>
		<depth>3</depth>
	</size>
	<segmented>0</segmented>
	<object>
		<name>Chevrolet</name>
		<pose>Unspecified</pose>
		<truncated>1</truncated>
		<difficult>0</difficult>
		<bndbox>
			<xmin>1</xmin>
			<ymin>117</ymin>
			<xmax>497</xmax>
			<ymax>307</ymax>
		</bndbox>
	</object>
</annotation>