<?xml version="1.0" ?><annotation verified="no">
	<folder>VOC2007</folder>
	<filename>4.jpg</filename>
	
	<source>
		<database>Unknown</database>
	</source>
	<size>
		<width>487</width>
		<height>358</height>
		<depth>3</depth>
	</size>
	<segmented>0</segmented>
	<object>
		<name>Chevrolet</name>
		<pose>Unspecified</pose>
		<truncated>0</truncated>
		<difficult>0</difficult>
		<bndbox>
			<xmin>33</xmin>
			<ymin>51</ymin>
			<xmax>434</xmax>
			<ymax>228</ymax>
		</bndbox>
	</object>
</annotation>