<?xml version="1.0" ?><annotation verified="no">
	<folder>VOC2007</folder>
	<filename>40.jpg</filename>
	
	<source>
		<database>Unknown</database>
	</source>
	<size>
		<width>494</width>
		<height>386</height>
		<depth>3</depth>
	</size>
	<segmented>0</segmented>
	<object>
		<name>Chevrolet</name>
		<pose>Unspecified</pose>
		<truncated>0</truncated>
		<difficult>0</difficult>
		<bndbox>
			<xmin>105</xmin>
			<ymin>131</ymin>
			<xmax>411</xmax>
			<ymax>252</ymax>
		</bndbox>
	</object>
</annotation>