<?xml version="1.0" ?><annotation verified="no">
	<folder>VOC2007</folder>
	<filename>41.jpg</filename>
	
	<source>
		<database>Unknown</database>
	</source>
	<size>
		<width>481</width>
		<height>397</height>
		<depth>3</depth>
	</size>
	<segmented>0</segmented>
	<object>
		<name>Chevrolet</name>
		<pose>Unspecified</pose>
		<truncated>0</truncated>
		<difficult>0</difficult>
		<bndbox>
			<xmin>75</xmin>
			<ymin>50</ymin>
			<xmax>408</xmax>
			<ymax>251</ymax>
		</bndbox>
	</object>
</annotation>