<?xml version="1.0" ?><annotation verified="no">
	<folder>VOC2007</folder>
	<filename>48.jpg</filename>
	
	<source>
		<database>Unknown</database>
	</source>
	<size>
		<width>519</width>
		<height>350</height>
		<depth>1</depth>
	</size>
	<segmented>0</segmented>
	<object>
		<name>Chevrolet</name>
		<pose>Unspecified</pose>
		<truncated>0</truncated>
		<difficult>0</difficult>
		<bndbox>
			<xmin>66</xmin>
			<ymin>101</ymin>
			<xmax>459</xmax>
			<ymax>259</ymax>
		</bndbox>
	</object>
</annotation>