<?xml version="1.0" ?><annotation verified="no">
	<folder>VOC2007</folder>
	<filename>5.jpg</filename>
	
	<source>
		<database>Unknown</database>
	</source>
	<size>
		<width>516</width>
		<height>377</height>
		<depth>3</depth>
	</size>
	<segmented>0</segmented>
	<object>
		<name>Chevrolet</name>
		<pose>Unspecified</pose>
		<truncated>0</truncated>
		<difficult>0</difficult>
		<bndbox>
			<xmin>12</xmin>
			<ymin>70</ymin>
			<xmax>498</xmax>
			<ymax>253</ymax>
		</bndbox>
	</object>
</annotation>