<?xml version="1.0" ?><annotation verified="no">
	<folder>VOC2007</folder>
	<filename>50.jpg</filename>
	
	<source>
		<database>Unknown</database>
	</source>
	<size>
		<width>518</width>
		<height>372</height>
		<depth>3</depth>
	</size>
	<segmented>0</segmented>
	<object>
		<name>Chevrolet</name>
		<pose>Unspecified</pose>
		<truncated>1</truncated>
		<difficult>0</difficult>
		<bndbox>
			<xmin>15</xmin>
			<ymin>86</ymin>
			<xmax>518</xmax>
			<ymax>259</ymax>
		</bndbox>
	</object>
</annotation>