<?xml version="1.0" ?><annotation verified="no">
	<folder>VOC2007</folder>
	<filename>51.jpg</filename>
	
	<source>
		<database>Unknown</database>
	</source>
	<size>
		<width>507</width>
		<height>392</height>
		<depth>1</depth>
	</size>
	<segmented>0</segmented>
	<object>
		<name>Chevrolet</name>
		<pose>Unspecified</pose>
		<truncated>0</truncated>
		<difficult>0</difficult>
		<bndbox>
			<xmin>128</xmin>
			<ymin>114</ymin>
			<xmax>400</xmax>
			<ymax>200</ymax>
		</bndbox>
	</object>
</annotation>