<?xml version="1.0" ?><annotation verified="no">
	<folder>VOC2007</folder>
	<filename>54.jpg</filename>
	
	<source>
		<database>Unknown</database>
	</source>
	<size>
		<width>498</width>
		<height>375</height>
		<depth>3</depth>
	</size>
	<segmented>0</segmented>
	<object>
		<name>Chevrolet</name>
		<pose>Unspecified</pose>
		<truncated>0</truncated>
		<difficult>0</difficult>
		<bndbox>
			<xmin>30</xmin>
			<ymin>86</ymin>
			<xmax>497</xmax>
			<ymax>305</ymax>
		</bndbox>
	</object>
</annotation>