<?xml version="1.0" ?><annotation verified="no">
	<folder>VOC2007</folder>
	<filename>56.jpg</filename>
	
	<source>
		<database>Unknown</database>
	</source>
	<size>
		<width>514</width>
		<height>398</height>
		<depth>3</depth>
	</size>
	<segmented>0</segmented>
	<object>
		<name>Chevrolet</name>
		<pose>Unspecified</pose>
		<truncated>1</truncated>
		<difficult>0</difficult>
		<bndbox>
			<xmin>14</xmin>
			<ymin>119</ymin>
			<xmax>514</xmax>
			<ymax>271</ymax>
		</bndbox>
	</object>
</annotation>