<?xml version="1.0" ?><annotation verified="no">
	<folder>VOC2007</folder>
	<filename>6.jpg</filename>
	
	<source>
		<database>Unknown</database>
	</source>
	<size>
		<width>493</width>
		<height>353</height>
		<depth>1</depth>
	</size>
	<segmented>0</segmented>
	<object>
		<name>Chevrolet</name>
		<pose>Unspecified</pose>
		<truncated>0</truncated>
		<difficult>0</difficult>
		<bndbox>
			<xmin>105</xmin>
			<ymin>94</ymin>
			<xmax>385</xmax>
			<ymax>183</ymax>
		</bndbox>
	</object>
</annotation>