<?xml version="1.0" ?><annotation verified="no">
	<folder>VOC2007</folder>
	<filename>60.jpg</filename>
	
	<source>
		<database>Unknown</database>
	</source>
	<size>
		<width>489</width>
		<height>369</height>
		<depth>3</depth>
	</size>
	<segmented>0</segmented>
	<object>
		<name>Chevrolet</name>
		<pose>Unspecified</pose>
		<truncated>0</truncated>
		<difficult>0</difficult>
		<bndbox>
			<xmin>44</xmin>
			<ymin>85</ymin>
			<xmax>436</xmax>
			<ymax>298</ymax>
		</bndbox>
	</object>
</annotation>