<?xml version="1.0" ?><annotation verified="no">
	<folder>VOC2007</folder>
	<filename>62.jpg</filename>
	
	<source>
		<database>Unknown</database>
	</source>
	<size>
		<width>502</width>
		<height>363</height>
		<depth>3</depth>
	</size>
	<segmented>0</segmented>
	<object>
		<name>Chevrolet</name>
		<pose>Unspecified</pose>
		<truncated>0</truncated>
		<difficult>0</difficult>
		<bndbox>
			<xmin>4</xmin>
			<ymin>23</ymin>
			<xmax>492</xmax>
			<ymax>225</ymax>
		</bndbox>
	</object>
</annotation>