<?xml version="1.0" ?><annotation verified="no">
	<folder>VOC2007</folder>
	<filename>63.jpg</filename>
	
	<source>
		<database>Unknown</database>
	</source>
	<size>
		<width>490</width>
		<height>375</height>
		<depth>1</depth>
	</size>
	<segmented>0</segmented>
	<object>
		<name>Chevrolet</name>
		<pose>Unspecified</pose>
		<truncated>0</truncated>
		<difficult>0</difficult>
		<bndbox>
			<xmin>27</xmin>
			<ymin>24</ymin>
			<xmax>459</xmax>
			<ymax>253</ymax>
		</bndbox>
	</object>
</annotation>