<?xml version="1.0" ?><annotation verified="no">
	<folder>VOC2007</folder>
	<filename>65.jpg</filename>
	
	<source>
		<database>Unknown</database>
	</source>
	<size>
		<width>510</width>
		<height>376</height>
		<depth>3</depth>
	</size>
	<segmented>0</segmented>
	<object>
		<name>Chevrolet</name>
		<pose>Unspecified</pose>
		<truncated>0</truncated>
		<difficult>0</difficult>
		<bndbox>
			<xmin>78</xmin>
			<ymin>123</ymin>
			<xmax>413</xmax>
			<ymax>224</ymax>
		</bndbox>
	</object>
</annotation>