<?xml version="1.0" ?><annotation verified="no">
	<folder>VOC2007</folder>
	<filename>66.jpg</filename>
	
	<source>
		<database>Unknown</database>
	</source>
	<size>
		<width>491</width>
		<height>374</height>
		<depth>3</depth>
	</size>
	<segmented>0</segmented>
	<object>
		<name>Chevrolet</name>
		<pose>Unspecified</pose>
		<truncated>0</truncated>
		<difficult>0</difficult>
		<bndbox>
			<xmin>100</xmin>
			<ymin>35</ymin>
			<xmax>381</xmax>
			<ymax>155</ymax>
		</bndbox>
	</object>
</annotation>