<?xml version="1.0" ?><annotation verified="no">
	<folder>VOC2007</folder>
	<filename>69.jpg</filename>
	
	<source>
		<database>Unknown</database>
	</source>
	<size>
		<width>516</width>
		<height>353</height>
		<depth>3</depth>
	</size>
	<segmented>0</segmented>
	<object>
		<name>Chevrolet</name>
		<pose>Unspecified</pose>
		<truncated>0</truncated>
		<difficult>0</difficult>
		<bndbox>
			<xmin>46</xmin>
			<ymin>14</ymin>
			<xmax>271</xmax>
			<ymax>113</ymax>
		</bndbox>
	</object>
	<object>
		<name>Chevrolet</name>
		<pose>Unspecified</pose>
		<truncated>0</truncated>
		<difficult>0</difficult>
		<bndbox>
			<xmin>322</xmin>
			<ymin>34</ymin>
			<xmax>501</xmax>
			<ymax>134</ymax>
		</bndbox>
	</object>
	<object>
		<name>Chevrolet</name>
		<pose>Unspecified</pose>
		<truncated>0</truncated>
		<difficult>0</difficult>
		<bndbox>
			<xmin>192</xmin>
			<ymin>168</ymin>
			<xmax>511</xmax>
			<ymax>325</ymax>
		</bndbox>
	</object>
</annotation>