<?xml version="1.0" ?><annotation verified="no">
	<folder>VOC2007</folder>
	<filename>8.jpg</filename>
	
	<source>
		<database>Unknown</database>
	</source>
	<size>
		<width>490</width>
		<height>357</height>
		<depth>1</depth>
	</size>
	<segmented>0</segmented>
	<object>
		<name>Chevrolet</name>
		<pose>Unspecified</pose>
		<truncated>0</truncated>
		<difficult>0</difficult>
		<bndbox>
			<xmin>40</xmin>
			<ymin>79</ymin>
			<xmax>474</xmax>
			<ymax>283</ymax>
		</bndbox>
	</object>
</annotation>