<?xml version="1.0" ?><annotation verified="no">
	<folder>VOC2007</folder>
	<filename>9.jpg</filename>
	
	<source>
		<database>Unknown</database>
	</source>
	<size>
		<width>482</width>
		<height>384</height>
		<depth>1</depth>
	</size>
	<segmented>0</segmented>
	<object>
		<name>Chevrolet</name>
		<pose>Unspecified</pose>
		<truncated>0</truncated>
		<difficult>0</difficult>
		<bndbox>
			<xmin>41</xmin>
			<ymin>97</ymin>
			<xmax>455</xmax>
			<ymax>257</ymax>
		</bndbox>
	</object>
</annotation>