<annotation verified="no">
	<folder>Lamborghini</folder>
	<filename>1.jpg</filename>
	<source>
		<database>Unknown</database>
	</source>
	<size>
		<width>499</width>
		<height>352</height>
		<depth>3</depth>
	</size>
	<segmented>0</segmented>
	<object>
		<name>Lamborghini</name>
		<pose>Unspecified</pose>
		<truncated>0</truncated>
		<difficult>0</difficult>
		<bndbox>
			<xmin>140</xmin>
			<ymin>55</ymin>
			<xmax>350</xmax>
			<ymax>297</ymax>
		</bndbox>
	</object>
</annotation>
