<annotation verified="yes">
	<folder>Lamborghini</folder>
	<filename>101.jpg</filename>
	<source>
		<database>Unknown</database>
	</source>
	<size>
		<width>264</width>
		<height>264</height>
		<depth>3</depth>
	</size>
	<segmented>0</segmented>
	<object>
		<name>Lamborghini</name>
		<pose>Unspecified</pose>
		<truncated>0</truncated>
		<difficult>0</difficult>
		<bndbox>
			<xmin>50</xmin>
			<ymin>10</ymin>
			<xmax>240</xmax>
			<ymax>250</ymax>
		</bndbox>
	</object>
</annotation>
