<annotation verified="yes">
	<folder>Lamborghini</folder>
	<filename>105.jpg</filename>
	<source>
		<database>Unknown</database>
	</source>
	<size>
		<width>440</width>
		<height>440</height>
		<depth>3</depth>
	</size>
	<segmented>0</segmented>
	<object>
		<name>Lamborghini</name>
		<pose>Unspecified</pose>
		<truncated>0</truncated>
		<difficult>0</difficult>
		<bndbox>
			<xmin>50</xmin>
			<ymin>0</ymin>
			<xmax>400</xmax>
			<ymax>440</ymax>
		</bndbox>
	</object>
</annotation>
