<annotation verified="yes">
	<folder>Lamborghini</folder>
	<filename>106.jpg</filename>
	<source>
		<database>Unknown</database>
	</source>
	<size>
		<width>800</width>
		<height>800</height>
		<depth>3</depth>
	</size>
	<segmented>0</segmented>
	<object>
		<name>Lamborghini</name>
		<pose>Unspecified</pose>
		<truncated>0</truncated>
		<difficult>0</difficult>
		<bndbox>
			<xmin>200</xmin>
			<ymin>90</ymin>
			<xmax>600</xmax>
			<ymax>750</ymax>
		</bndbox>
	</object>
</annotation>
