<annotation verified="yes">
	<folder>Lamborghini</folder>
	<filename>109.jpg</filename>
	<source>
		<database>Unknown</database>
	</source>
	<size>
		<width>500</width>
		<height>500</height>
		<depth>3</depth>
	</size>
	<segmented>0</segmented>
	<object>
		<name>Lamborghini</name>
		<pose>Unspecified</pose>
		<truncated>0</truncated>
		<difficult>0</difficult>
		<bndbox>
			<xmin>90</xmin>
			<ymin>90</ymin>
			<xmax>420</xmax>
			<ymax>480</ymax>
		</bndbox>
	</object>
</annotation>
