<annotation verified="yes">
	<folder>Lamborghini</folder>
	<filename>110.jpg</filename>
	<source>
		<database>Unknown</database>
	</source>
	<size>
		<width>900</width>
		<height>583</height>
		<depth>3</depth>
	</size>
	<segmented>0</segmented>
	<object>
		<name>Lamborghini</name>
		<pose>Unspecified</pose>
		<truncated>0</truncated>
		<difficult>0</difficult>
		<bndbox>
			<xmin>280</xmin>
			<ymin>90</ymin>
			<xmax>620</xmax>
			<ymax>530</ymax>
		</bndbox>
	</object>
</annotation>
