<annotation verified="yes">
	<folder>Lamborghini</folder>
	<filename>111.jpg</filename>
	<source>
		<database>Unknown</database>
	</source>
	<size>
		<width>1280</width>
		<height>720</height>
		<depth>3</depth>
	</size>
	<segmented>0</segmented>
	<object>
		<name>Lamborghini</name>
		<pose>Unspecified</pose>
		<truncated>0</truncated>
		<difficult>0</difficult>
		<bndbox>
			<xmin>450</xmin>
			<ymin>150</ymin>
			<xmax>820</xmax>
			<ymax>600</ymax>
		</bndbox>
	</object>
</annotation>
