<annotation verified="yes">
	<folder>Lamborghini</folder>
	<filename>112.jpg</filename>
	<source>
		<database>Unknown</database>
	</source>
	<size>
		<width>600</width>
		<height>796</height>
		<depth>3</depth>
	</size>
	<segmented>0</segmented>
	<object>
		<name>Lamborghini</name>
		<pose>Unspecified</pose>
		<truncated>0</truncated>
		<difficult>0</difficult>
		<bndbox>
			<xmin>90</xmin>
			<ymin>180</ymin>
			<xmax>550</xmax>
			<ymax>600</ymax>
		</bndbox>
	</object>
</annotation>
