<annotation verified="yes">
	<folder>Lamborghini</folder>
	<filename>113.jpg</filename>
	<source>
		<database>Unknown</database>
	</source>
	<size>
		<width>1920</width>
		<height>1080</height>
		<depth>3</depth>
	</size>
	<segmented>0</segmented>
	<object>
		<name>Lamborghini</name>
		<pose>Unspecified</pose>
		<truncated>0</truncated>
		<difficult>0</difficult>
		<bndbox>
			<xmin>550</xmin>
			<ymin>100</ymin>
			<xmax>1350</xmax>
			<ymax>1000</ymax>
		</bndbox>
	</object>
</annotation>
