<annotation verified="yes">
	<folder>Lamborghini</folder>
	<filename>114.jpg</filename>
	<source>
		<database>Unknown</database>
	</source>
	<size>
		<width>821</width>
		<height>444</height>
		<depth>3</depth>
	</size>
	<segmented>0</segmented>
	<object>
		<name>Lamborghini</name>
		<pose>Unspecified</pose>
		<truncated>0</truncated>
		<difficult>0</difficult>
		<bndbox>
			<xmin>250</xmin>
			<ymin>70</ymin>
			<xmax>550</xmax>
			<ymax>400</ymax>
		</bndbox>
	</object>
</annotation>
