<annotation verified="yes">
	<folder>Lamborghini</folder>
	<filename>114.jpg</filename>
	<source>
		<database>Unknown</database>
	</source>
	<size>
		<width>250</width>
		<height>250</height>
		<depth>3</depth>
	</size>
	<segmented>0</segmented>
	<object>
		<name>Lamborghini</name>
		<pose>Unspecified</pose>
		<truncated>0</truncated>
		<difficult>0</difficult>
		<bndbox>
			<xmin>20</xmin>
			<ymin>0</ymin>
			<xmax>250</xmax>
			<ymax>250</ymax>
		</bndbox>
	</object>
</annotation>
