<annotation verified="no">
	<folder>Lamborghini</folder>
	<filename>12.jpg</filename>
	<source>
		<database>Unknown</database>
	</source>
	<size>
		<width>511</width>
		<height>356</height>
		<depth>3</depth>
	</size>
	<segmented>0</segmented>
	<object>
		<name>Lamborghini</name>
		<pose>Unspecified</pose>
		<truncated>0</truncated>
		<difficult>0</difficult>
		<bndbox>
			<xmin>214</xmin>
			<ymin>124</ymin>
			<xmax>296</xmax>
			<ymax>225</ymax>
		</bndbox>
	</object>
</annotation>
