<annotation verified="yes">
	<folder>Lamborghini</folder>
	<filename>13.jpg</filename>
	<source>
		<database>Unknown</database>
	</source>
	<size>
		<width>512</width>
		<height>399</height>
		<depth>3</depth>
	</size>
	<segmented>0</segmented>
	<object>
		<name>Lamborghini</name>
		<pose>Unspecified</pose>
		<truncated>0</truncated>
		<difficult>0</difficult>
		<bndbox>
			<xmin>181</xmin>
			<ymin>101</ymin>
			<xmax>343</xmax>
			<ymax>269</ymax>
		</bndbox>
	</object>
</annotation>
