<annotation verified="no">
	<folder>Lamborghini</folder>
	<filename>15.jpg</filename>
	<source>
		<database>Unknown</database>
	</source>
	<size>
		<width>510</width>
		<height>388</height>
		<depth>3</depth>
	</size>
	<segmented>0</segmented>
	<object>
		<name>Lamborghini</name>
		<pose>Unspecified</pose>
		<truncated>0</truncated>
		<difficult>0</difficult>
		<bndbox>
			<xmin>205</xmin>
			<ymin>132</ymin>
			<xmax>307</xmax>
			<ymax>241</ymax>
		</bndbox>
	</object>
</annotation>
