<annotation verified="no">
	<folder>Lamborghini</folder>
	<filename>18.jpg</filename>
	<source>
		<database>Unknown</database>
	</source>
	<size>
		<width>389</width>
		<height>510</height>
		<depth>3</depth>
	</size>
	<segmented>0</segmented>
	<object>
		<name>Lamborghini</name>
		<pose>Unspecified</pose>
		<truncated>0</truncated>
		<difficult>0</difficult>
		<bndbox>
			<xmin>27</xmin>
			<ymin>46</ymin>
			<xmax>361</xmax>
			<ymax>467</ymax>
		</bndbox>
	</object>
</annotation>
