<annotation verified="yes">
	<folder>Lamborghini</folder>
	<filename>19.jpg</filename>
	<source>
		<database>Unknown</database>
	</source>
	<size>
		<width>378</width>
		<height>488</height>
		<depth>3</depth>
	</size>
	<segmented>0</segmented>
	<object>
		<name>Lamborghini</name>
		<pose>Unspecified</pose>
		<truncated>0</truncated>
		<difficult>0</difficult>
		<bndbox>
			<xmin>57</xmin>
			<ymin>133</ymin>
			<xmax>327</xmax>
			<ymax>362</ymax>
		</bndbox>
	</object>
</annotation>
