<annotation verified="yes">
	<folder>Lamborghini</folder>
	<filename>20.jpg</filename>
	<source>
		<database>Unknown</database>
	</source>
	<size>
		<width>510</width>
		<height>375</height>
		<depth>3</depth>
	</size>
	<segmented>0</segmented>
	<object>
		<name>Lamborghini</name>
		<pose>Unspecified</pose>
		<truncated>0</truncated>
		<difficult>0</difficult>
		<bndbox>
			<xmin>186</xmin>
			<ymin>158</ymin>
			<xmax>308</xmax>
			<ymax>268</ymax>
		</bndbox>
	</object>
</annotation>
