<annotation verified="no">
	<folder>Lamborghini</folder>
	<filename>21.jpg</filename>
	<source>
		<database>Unknown</database>
	</source>
	<size>
		<width>513</width>
		<height>397</height>
		<depth>3</depth>
	</size>
	<segmented>0</segmented>
	<object>
		<name>Lamborghini</name>
		<pose>Unspecified</pose>
		<truncated>0</truncated>
		<difficult>0</difficult>
		<bndbox>
			<xmin>276</xmin>
			<ymin>99</ymin>
			<xmax>411</xmax>
			<ymax>282</ymax>
		</bndbox>
	</object>
</annotation>
