<annotation verified="yes">
	<folder>Lamborghini</folder>
	<filename>23.jpg</filename>
	<source>
		<database>Unknown</database>
	</source>
	<size>
		<width>504</width>
		<height>387</height>
		<depth>3</depth>
	</size>
	<segmented>0</segmented>
	<object>
		<name>Lamborghini</name>
		<pose>Unspecified</pose>
		<truncated>0</truncated>
		<difficult>0</difficult>
		<bndbox>
			<xmin>199</xmin>
			<ymin>65</ymin>
			<xmax>312</xmax>
			<ymax>247</ymax>
		</bndbox>
	</object>
</annotation>
