<annotation verified="no">
	<folder>Lamborghini</folder>
	<filename>24.jpg</filename>
	<source>
		<database>Unknown</database>
	</source>
	<size>
		<width>370</width>
		<height>515</height>
		<depth>3</depth>
	</size>
	<segmented>0</segmented>
	<object>
		<name>Lamborghini</name>
		<pose>Unspecified</pose>
		<truncated>0</truncated>
		<difficult>0</difficult>
		<bndbox>
			<xmin>16</xmin>
			<ymin>15</ymin>
			<xmax>364</xmax>
			<ymax>504</ymax>
		</bndbox>
	</object>
</annotation>
