<annotation verified="no">
	<folder>Lamborghini</folder>
	<filename>25.jpg</filename>
	<source>
		<database>Unknown</database>
	</source>
	<size>
		<width>516</width>
		<height>396</height>
		<depth>3</depth>
	</size>
	<segmented>0</segmented>
	<object>
		<name>Lamborghini</name>
		<pose>Unspecified</pose>
		<truncated>0</truncated>
		<difficult>0</difficult>
		<bndbox>
			<xmin>163</xmin>
			<ymin>30</ymin>
			<xmax>368</xmax>
			<ymax>260</ymax>
		</bndbox>
	</object>
</annotation>
