<annotation verified="no">
	<folder>Lamborghini</folder>
	<filename>27.jpg</filename>
	<source>
		<database>Unknown</database>
	</source>
	<size>
		<width>514</width>
		<height>373</height>
		<depth>3</depth>
	</size>
	<segmented>0</segmented>
	<object>
		<name>Lamborghini</name>
		<pose>Unspecified</pose>
		<truncated>0</truncated>
		<difficult>0</difficult>
		<bndbox>
			<xmin>97</xmin>
			<ymin>5</ymin>
			<xmax>398</xmax>
			<ymax>344</ymax>
		</bndbox>
	</object>
</annotation>
