<annotation verified="yes">
	<folder>Lamborghini</folder>
	<filename>28.jpg</filename>
	<source>
		<database>Unknown</database>
	</source>
	<size>
		<width>513</width>
		<height>363</height>
		<depth>3</depth>
	</size>
	<segmented>0</segmented>
	<object>
		<name>Lamborghini</name>
		<pose>Unspecified</pose>
		<truncated>0</truncated>
		<difficult>0</difficult>
		<bndbox>
			<xmin>170</xmin>
			<ymin>31</ymin>
			<xmax>374</xmax>
			<ymax>256</ymax>
		</bndbox>
	</object>
</annotation>
