<annotation verified="no">
	<folder>Lamborghini</folder>
	<filename>29.jpg</filename>
	<source>
		<database>Unknown</database>
	</source>
	<size>
		<width>514</width>
		<height>385</height>
		<depth>1</depth>
	</size>
	<segmented>0</segmented>
	<object>
		<name>Lamborghini</name>
		<pose>Unspecified</pose>
		<truncated>0</truncated>
		<difficult>0</difficult>
		<bndbox>
			<xmin>110</xmin>
			<ymin>20</ymin>
			<xmax>402</xmax>
			<ymax>382</ymax>
		</bndbox>
	</object>
</annotation>
