<annotation verified="yes">
	<folder>Lamborghini</folder>
	<filename>3.jpg</filename>
	<source>
		<database>Unknown</database>
	</source>
	<size>
		<width>499</width>
		<height>382</height>
		<depth>3</depth>
	</size>
	<segmented>0</segmented>
	<object>
		<name>Lamborghini</name>
		<pose>Unspecified</pose>
		<truncated>1</truncated>
		<difficult>0</difficult>
		<bndbox>
			<xmin>190</xmin>
			<ymin>150</ymin>
			<xmax>413</xmax>
			<ymax>382</ymax>
		</bndbox>
	</object>
</annotation>
