<annotation verified="yes">
	<folder>Lamborghini</folder>
	<filename>32.jpg</filename>
	<source>
		<database>Unknown</database>
	</source>
	<size>
		<width>496</width>
		<height>362</height>
		<depth>3</depth>
	</size>
	<segmented>0</segmented>
	<object>
		<name>Lamborghini</name>
		<pose>Unspecified</pose>
		<truncated>0</truncated>
		<difficult>0</difficult>
		<bndbox>
			<xmin>139</xmin>
			<ymin>60</ymin>
			<xmax>378</xmax>
			<ymax>296</ymax>
		</bndbox>
	</object>
</annotation>
