<annotation verified="no">
	<folder>Lamborghini</folder>
	<filename>35.jpg</filename>
	<source>
		<database>Unknown</database>
	</source>
	<size>
		<width>491</width>
		<height>399</height>
		<depth>3</depth>
	</size>
	<segmented>0</segmented>
	<object>
		<name>Lamborghini</name>
		<pose>Unspecified</pose>
		<truncated>0</truncated>
		<difficult>0</difficult>
		<bndbox>
			<xmin>14</xmin>
			<ymin>3</ymin>
			<xmax>478</xmax>
			<ymax>396</ymax>
		</bndbox>
	</object>
</annotation>
