<annotation verified="yes">
	<folder>Lamborghini</folder>
	<filename>36.jpg</filename>
	<source>
		<database>Unknown</database>
	</source>
	<size>
		<width>500</width>
		<height>353</height>
		<depth>3</depth>
	</size>
	<segmented>0</segmented>
	<object>
		<name>Lamborghini</name>
		<pose>Unspecified</pose>
		<truncated>1</truncated>
		<difficult>0</difficult>
		<bndbox>
			<xmin>303</xmin>
			<ymin>11</ymin>
			<xmax>500</xmax>
			<ymax>213</ymax>
		</bndbox>
	</object>
</annotation>
