<annotation verified="yes">
	<folder>Lamborghini</folder>
	<filename>40.jpg</filename>
	<source>
		<database>Unknown</database>
	</source>
	<size>
		<width>516</width>
		<height>382</height>
		<depth>3</depth>
	</size>
	<segmented>0</segmented>
	<object>
		<name>Lamborghini</name>
		<pose>Unspecified</pose>
		<truncated>0</truncated>
		<difficult>0</difficult>
		<bndbox>
			<xmin>195</xmin>
			<ymin>120</ymin>
			<xmax>344</xmax>
			<ymax>287</ymax>
		</bndbox>
	</object>
</annotation>
