<annotation verified="yes">
	<folder>Lamborghini</folder>
	<filename>42.jpg</filename>
	<source>
		<database>Unknown</database>
	</source>
	<size>
		<width>508</width>
		<height>381</height>
		<depth>3</depth>
	</size>
	<segmented>0</segmented>
	<object>
		<name>Lamborghini</name>
		<pose>Unspecified</pose>
		<truncated>0</truncated>
		<difficult>0</difficult>
		<bndbox>
			<xmin>149</xmin>
			<ymin>37</ymin>
			<xmax>392</xmax>
			<ymax>380</ymax>
		</bndbox>
	</object>
</annotation>
