<annotation verified="no">
	<folder>Lamborghini</folder>
	<filename>43.jpg</filename>
	<source>
		<database>Unknown</database>
	</source>
	<size>
		<width>481</width>
		<height>389</height>
		<depth>3</depth>
	</size>
	<segmented>0</segmented>
	<object>
		<name>Lamborghini</name>
		<pose>Unspecified</pose>
		<truncated>0</truncated>
		<difficult>0</difficult>
		<bndbox>
			<xmin>94</xmin>
			<ymin>65</ymin>
			<xmax>435</xmax>
			<ymax>363</ymax>
		</bndbox>
	</object>
</annotation>
