<annotation verified="yes">
	<folder>Lamborghini</folder>
	<filename>44.jpg</filename>
	<source>
		<database>Unknown</database>
	</source>
	<size>
		<width>504</width>
		<height>363</height>
		<depth>3</depth>
	</size>
	<segmented>0</segmented>
	<object>
		<name>Lamborghini</name>
		<pose>Unspecified</pose>
		<truncated>0</truncated>
		<difficult>0</difficult>
		<bndbox>
			<xmin>15</xmin>
			<ymin>79</ymin>
			<xmax>470</xmax>
			<ymax>305</ymax>
		</bndbox>
	</object>
</annotation>
