<annotation verified="no">
	<folder>Lamborghini</folder>
	<filename>45.jpg</filename>
	<source>
		<database>Unknown</database>
	</source>
	<size>
		<width>492</width>
		<height>374</height>
		<depth>3</depth>
	</size>
	<segmented>0</segmented>
	<object>
		<name>Lamborghini</name>
		<pose>Unspecified</pose>
		<truncated>0</truncated>
		<difficult>0</difficult>
		<bndbox>
			<xmin>121</xmin>
			<ymin>24</ymin>
			<xmax>386</xmax>
			<ymax>319</ymax>
		</bndbox>
	</object>
</annotation>
