<annotation verified="yes">
	<folder>Lamborghini</folder>
	<filename>46.jpg</filename>
	<source>
		<database>Unknown</database>
	</source>
	<size>
		<width>374</width>
		<height>488</height>
		<depth>3</depth>
	</size>
	<segmented>0</segmented>
	<object>
		<name>Lamborghini</name>
		<pose>Unspecified</pose>
		<truncated>1</truncated>
		<difficult>0</difficult>
		<bndbox>
			<xmin>20</xmin>
			<ymin>83</ymin>
			<xmax>338</xmax>
			<ymax>488</ymax>
		</bndbox>
	</object>
</annotation>
