<annotation verified="no">
	<folder>Lamborghini</folder>
	<filename>47.jpg</filename>
	<source>
		<database>Unknown</database>
	</source>
	<size>
		<width>483</width>
		<height>362</height>
		<depth>3</depth>
	</size>
	<segmented>0</segmented>
	<object>
		<name>Lamborghini</name>
		<pose>Unspecified</pose>
		<truncated>0</truncated>
		<difficult>0</difficult>
		<bndbox>
			<xmin>128</xmin>
			<ymin>91</ymin>
			<xmax>372</xmax>
			<ymax>321</ymax>
		</bndbox>
	</object>
</annotation>
