<annotation verified="yes">
	<folder>Lamborghini</folder>
	<filename>48.jpg</filename>
	<source>
		<database>Unknown</database>
	</source>
	<size>
		<width>481</width>
		<height>391</height>
		<depth>3</depth>
	</size>
	<segmented>0</segmented>
	<object>
		<name>Lamborghini</name>
		<pose>Unspecified</pose>
		<truncated>0</truncated>
		<difficult>0</difficult>
		<bndbox>
			<xmin>79</xmin>
			<ymin>127</ymin>
			<xmax>405</xmax>
			<ymax>315</ymax>
		</bndbox>
	</object>
</annotation>
