<annotation verified="yes">
	<folder>Lamborghini</folder>
	<filename>50.jpg</filename>
	<source>
		<database>Unknown</database>
	</source>
	<size>
		<width>496</width>
		<height>376</height>
		<depth>3</depth>
	</size>
	<segmented>0</segmented>
	<object>
		<name>Lamborghini</name>
		<pose>Unspecified</pose>
		<truncated>0</truncated>
		<difficult>0</difficult>
		<bndbox>
			<xmin>179</xmin>
			<ymin>95</ymin>
			<xmax>304</xmax>
			<ymax>288</ymax>
		</bndbox>
	</object>
</annotation>
