<annotation verified="no">
	<folder>Lamborghini</folder>
	<filename>51.jpg</filename>
	<source>
		<database>Unknown</database>
	</source>
	<size>
		<width>393</width>
		<height>494</height>
		<depth>3</depth>
	</size>
	<segmented>0</segmented>
	<object>
		<name>Lamborghini</name>
		<pose>Unspecified</pose>
		<truncated>0</truncated>
		<difficult>0</difficult>
		<bndbox>
			<xmin>58</xmin>
			<ymin>85</ymin>
			<xmax>325</xmax>
			<ymax>369</ymax>
		</bndbox>
	</object>
</annotation>
