<annotation verified="yes">
	<folder>Lamborghini</folder>
	<filename>52.jpg</filename>
	<source>
		<database>Unknown</database>
	</source>
	<size>
		<width>508</width>
		<height>367</height>
		<depth>3</depth>
	</size>
	<segmented>0</segmented>
	<object>
		<name>Lamborghini</name>
		<pose>Unspecified</pose>
		<truncated>0</truncated>
		<difficult>0</difficult>
		<bndbox>
			<xmin>98</xmin>
			<ymin>28</ymin>
			<xmax>389</xmax>
			<ymax>259</ymax>
		</bndbox>
	</object>
</annotation>
