<annotation verified="no">
	<folder>Lamborghini</folder>
	<filename>53.jpg</filename>
	<source>
		<database>Unknown</database>
	</source>
	<size>
		<width>501</width>
		<height>387</height>
		<depth>3</depth>
	</size>
	<segmented>0</segmented>
	<object>
		<name>Lamborghini</name>
		<pose>Unspecified</pose>
		<truncated>0</truncated>
		<difficult>0</difficult>
		<bndbox>
			<xmin>113</xmin>
			<ymin>37</ymin>
			<xmax>370</xmax>
			<ymax>340</ymax>
		</bndbox>
	</object>
</annotation>
