<annotation verified="no">
	<folder>Lamborghini</folder>
	<filename>55.jpg</filename>
	<source>
		<database>Unknown</database>
	</source>
	<size>
		<width>514</width>
		<height>367</height>
		<depth>3</depth>
	</size>
	<segmented>0</segmented>
	<object>
		<name>Lamborghini</name>
		<pose>Unspecified</pose>
		<truncated>0</truncated>
		<difficult>0</difficult>
		<bndbox>
			<xmin>174</xmin>
			<ymin>29</ymin>
			<xmax>326</xmax>
			<ymax>164</ymax>
		</bndbox>
	</object>
</annotation>
