<annotation verified="yes">
	<folder>Lamborghini</folder>
	<filename>56.jpg</filename>
	<source>
		<database>Unknown</database>
	</source>
	<size>
		<width>507</width>
		<height>362</height>
		<depth>3</depth>
	</size>
	<segmented>0</segmented>
	<object>
		<name>Lamborghini</name>
		<pose>Unspecified</pose>
		<truncated>0</truncated>
		<difficult>0</difficult>
		<bndbox>
			<xmin>135</xmin>
			<ymin>48</ymin>
			<xmax>339</xmax>
			<ymax>299</ymax>
		</bndbox>
	</object>
</annotation>
