<annotation verified="no">
	<folder>Lamborghini</folder>
	<filename>57.jpg</filename>
	<source>
		<database>Unknown</database>
	</source>
	<size>
		<width>487</width>
		<height>351</height>
		<depth>3</depth>
	</size>
	<segmented>0</segmented>
	<object>
		<name>Lamborghini</name>
		<pose>Unspecified</pose>
		<truncated>0</truncated>
		<difficult>0</difficult>
		<bndbox>
			<xmin>96</xmin>
			<ymin>13</ymin>
			<xmax>406</xmax>
			<ymax>350</ymax>
		</bndbox>
	</object>
</annotation>
