<annotation verified="yes">
	<folder>Lamborghini</folder>
	<filename>58.jpg</filename>
	<source>
		<database>Unknown</database>
	</source>
	<size>
		<width>390</width>
		<height>523</height>
		<depth>1</depth>
	</size>
	<segmented>0</segmented>
	<object>
		<name>Lamborghini</name>
		<pose>Unspecified</pose>
		<truncated>1</truncated>
		<difficult>0</difficult>
		<bndbox>
			<xmin>9</xmin>
			<ymin>40</ymin>
			<xmax>385</xmax>
			<ymax>523</ymax>
		</bndbox>
	</object>
</annotation>
