<annotation verified="no">
	<folder>Lamborghini</folder>
	<filename>59.jpg</filename>
	<source>
		<database>Unknown</database>
	</source>
	<size>
		<width>381</width>
		<height>487</height>
		<depth>3</depth>
	</size>
	<segmented>0</segmented>
	<object>
		<name>Lamborghini</name>
		<pose>Unspecified</pose>
		<truncated>0</truncated>
		<difficult>0</difficult>
		<bndbox>
			<xmin>98</xmin>
			<ymin>170</ymin>
			<xmax>305</xmax>
			<ymax>321</ymax>
		</bndbox>
	</object>
</annotation>
