<annotation verified="yes">
	<folder>Lamborghini</folder>
	<filename>6.jpg</filename>
	<source>
		<database>Unknown</database>
	</source>
	<size>
		<width>497</width>
		<height>354</height>
		<depth>3</depth>
	</size>
	<segmented>0</segmented>
	<object>
		<name>Lamborghini</name>
		<pose>Unspecified</pose>
		<truncated>0</truncated>
		<difficult>0</difficult>
		<bndbox>
			<xmin>162</xmin>
			<ymin>68</ymin>
			<xmax>337</xmax>
			<ymax>269</ymax>
		</bndbox>
	</object>
</annotation>
