<annotation verified="no">
	<folder>Lamborghini</folder>
	<filename>60.jpg</filename>
	<source>
		<database>Unknown</database>
	</source>
	<size>
		<width>523</width>
		<height>383</height>
		<depth>1</depth>
	</size>
	<segmented>0</segmented>
	<object>
		<name>Lamborghini</name>
		<pose>Unspecified</pose>
		<truncated>1</truncated>
		<difficult>0</difficult>
		<bndbox>
			<xmin>94</xmin>
			<ymin>30</ymin>
			<xmax>411</xmax>
			<ymax>383</ymax>
		</bndbox>
	</object>
</annotation>
