<annotation verified="no">
	<folder>Lamborghini</folder>
	<filename>62.jpg</filename>
	<source>
		<database>Unknown</database>
	</source>
	<size>
		<width>519</width>
		<height>380</height>
		<depth>3</depth>
	</size>
	<segmented>0</segmented>
	<object>
		<name>Lamborghini</name>
		<pose>Unspecified</pose>
		<truncated>0</truncated>
		<difficult>0</difficult>
		<bndbox>
			<xmin>100</xmin>
			<ymin>26</ymin>
			<xmax>415</xmax>
			<ymax>362</ymax>
		</bndbox>
	</object>
</annotation>
