<annotation verified="yes">
	<folder>Lamborghini</folder>
	<filename>63.jpg</filename>
	<source>
		<database>Unknown</database>
	</source>
	<size>
		<width>522</width>
		<height>350</height>
		<depth>3</depth>
	</size>
	<segmented>0</segmented>
	<object>
		<name>Lamborghini</name>
		<pose>Unspecified</pose>
		<truncated>0</truncated>
		<difficult>0</difficult>
		<bndbox>
			<xmin>178</xmin>
			<ymin>64</ymin>
			<xmax>353</xmax>
			<ymax>208</ymax>
		</bndbox>
	</object>
</annotation>
