<annotation verified="no">
	<folder>Lamborghini</folder>
	<filename>64.jpg</filename>
	<source>
		<database>Unknown</database>
	</source>
	<size>
		<width>484</width>
		<height>350</height>
		<depth>3</depth>
	</size>
	<segmented>0</segmented>
	<object>
		<name>Lamborghini</name>
		<pose>Unspecified</pose>
		<truncated>0</truncated>
		<difficult>0</difficult>
		<bndbox>
			<xmin>95</xmin>
			<ymin>16</ymin>
			<xmax>409</xmax>
			<ymax>320</ymax>
		</bndbox>
	</object>
</annotation>
