<annotation verified="yes">
	<folder>Lamborghini</folder>
	<filename>65.jpg</filename>
	<source>
		<database>Unknown</database>
	</source>
	<size>
		<width>376</width>
		<height>521</height>
		<depth>3</depth>
	</size>
	<segmented>0</segmented>
	<object>
		<name>Lamborghini</name>
		<pose>Unspecified</pose>
		<truncated>0</truncated>
		<difficult>0</difficult>
		<bndbox>
			<xmin>139</xmin>
			<ymin>190</ymin>
			<xmax>372</xmax>
			<ymax>488</ymax>
		</bndbox>
	</object>
</annotation>
