<annotation verified="no">
	<folder>Lamborghini</folder>
	<filename>66.jpg</filename>
	<source>
		<database>Unknown</database>
	</source>
	<size>
		<width>491</width>
		<height>363</height>
		<depth>3</depth>
	</size>
	<segmented>0</segmented>
	<object>
		<name>Lamborghini</name>
		<pose>Unspecified</pose>
		<truncated>0</truncated>
		<difficult>0</difficult>
		<bndbox>
			<xmin>133</xmin>
			<ymin>41</ymin>
			<xmax>388</xmax>
			<ymax>338</ymax>
		</bndbox>
	</object>
</annotation>
