<annotation verified="yes">
	<folder>Lamborghini</folder>
	<filename>67.jpg</filename>
	<source>
		<database>Unknown</database>
	</source>
	<size>
		<width>523</width>
		<height>354</height>
		<depth>3</depth>
	</size>
	<segmented>0</segmented>
	<object>
		<name>Lamborghini</name>
		<pose>Unspecified</pose>
		<truncated>0</truncated>
		<difficult>0</difficult>
		<bndbox>
			<xmin>147</xmin>
			<ymin>65</ymin>
			<xmax>384</xmax>
			<ymax>320</ymax>
		</bndbox>
	</object>
</annotation>
