<annotation verified="no">
	<folder>Lamborghini</folder>
	<filename>68.jpg</filename>
	<source>
		<database>Unknown</database>
	</source>
	<size>
		<width>357</width>
		<height>492</height>
		<depth>3</depth>
	</size>
	<segmented>0</segmented>
	<object>
		<name>Lamborghini</name>
		<pose>Unspecified</pose>
		<truncated>1</truncated>
		<difficult>0</difficult>
		<bndbox>
			<xmin>9</xmin>
			<ymin>62</ymin>
			<xmax>357</xmax>
			<ymax>468</ymax>
		</bndbox>
	</object>
</annotation>
