<annotation verified="no">
	<folder>Lamborghini</folder>
	<filename>7.jpg</filename>
	<source>
		<database>Unknown</database>
	</source>
	<size>
		<width>496</width>
		<height>367</height>
		<depth>3</depth>
	</size>
	<segmented>0</segmented>
	<object>
		<name>Lamborghini</name>
		<pose>Unspecified</pose>
		<truncated>0</truncated>
		<difficult>0</difficult>
		<bndbox>
			<xmin>64</xmin>
			<ymin>15</ymin>
			<xmax>421</xmax>
			<ymax>362</ymax>
		</bndbox>
	</object>
</annotation>
