<?xml version="1.0" ?><annotation>
	<folder>BMW</folder>
	<filename>10.jpg</filename>
	<source>
		<database>Unknown</database>
	</source>
	<size>
		<width>483</width>
		<height>352</height>
		<depth>3</depth>
	</size>
	<segmented>0</segmented>
	<object>
		<name>BMW</name>
		<pose>Unspecified</pose>
		<truncated>0</truncated>
		<difficult>0</difficult>
		<bndbox>
			<xmin>162</xmin>
			<ymin>93</ymin>
			<xmax>328</xmax>
			<ymax>274</ymax>
		</bndbox>
	</object>
</annotation>