<?xml version="1.0" ?><annotation>
	<folder>BMW</folder>
	<filename>12.jpg</filename>
	<source>
		<database>Unknown</database>
	</source>
	<size>
		<width>509</width>
		<height>365</height>
		<depth>3</depth>
	</size>
	<segmented>0</segmented>
	<object>
		<name>BMW</name>
		<pose>Unspecified</pose>
		<truncated>0</truncated>
		<difficult>0</difficult>
		<bndbox>
			<xmin>161</xmin>
			<ymin>18</ymin>
			<xmax>350</xmax>
			<ymax>353</ymax>
		</bndbox>
	</object>
</annotation>