<?xml version="1.0" ?><annotation>
	<folder>BMW</folder>
	<filename>17.jpg</filename>
	<source>
		<database>Unknown</database>
	</source>
	<size>
		<width>486</width>
		<height>368</height>
		<depth>3</depth>
	</size>
	<segmented>0</segmented>
	<object>
		<name>BMW</name>
		<pose>Unspecified</pose>
		<truncated>0</truncated>
		<difficult>0</difficult>
		<bndbox>
			<xmin>148</xmin>
			<ymin>31</ymin>
			<xmax>428</xmax>
			<ymax>316</ymax>
		</bndbox>
	</object>
</annotation>