<?xml version="1.0" ?><annotation>
	<folder>BMW</folder>
	<filename>18.jpg</filename>
	<source>
		<database>Unknown</database>
	</source>
	<size>
		<width>496</width>
		<height>390</height>
		<depth>3</depth>
	</size>
	<segmented>0</segmented>
	<object>
		<name>BMW</name>
		<pose>Unspecified</pose>
		<truncated>0</truncated>
		<difficult>0</difficult>
		<bndbox>
			<xmin>184</xmin>
			<ymin>115</ymin>
			<xmax>323</xmax>
			<ymax>287</ymax>
		</bndbox>
	</object>
</annotation>