<?xml version="1.0" ?><annotation>
	<folder>BMW</folder>
	<filename>19.jpg</filename>
	<source>
		<database>Unknown</database>
	</source>
	<size>
		<width>491</width>
		<height>385</height>
		<depth>3</depth>
	</size>
	<segmented>0</segmented>
	<object>
		<name>BMW</name>
		<pose>Unspecified</pose>
		<truncated>0</truncated>
		<difficult>0</difficult>
		<bndbox>
			<xmin>125</xmin>
			<ymin>79</ymin>
			<xmax>364</xmax>
			<ymax>351</ymax>
		</bndbox>
	</object>
</annotation>