<?xml version="1.0" ?><annotation>
	<folder>BMW</folder>
	<filename>20.jpg</filename>
	<source>
		<database>Unknown</database>
	</source>
	<size>
		<width>505</width>
		<height>354</height>
		<depth>3</depth>
	</size>
	<segmented>0</segmented>
	<object>
		<name>BMW</name>
		<pose>Unspecified</pose>
		<truncated>0</truncated>
		<difficult>0</difficult>
		<bndbox>
			<xmin>77</xmin>
			<ymin>37</ymin>
			<xmax>443</xmax>
			<ymax>343</ymax>
		</bndbox>
	</object>
</annotation>