<?xml version="1.0" ?><annotation>
	<folder>BMW</folder>
	<filename>212.jpg</filename>
	<source>
		<database>Unknown</database>
	</source>
	<size>
		<width> 256 </width>
		<height> 256 </height>
		<depth>3</depth>
	</size>
	<segmented>0</segmented>
	<object>
		<name>BMW</name>
		<pose>Unspecified</pose>
		<truncated>0</truncated>
		<difficult>0</difficult>
		<bndbox>
			<xmin> 0 </xmin>
			<ymin> 0 </ymin>
			<xmax> 256</xmax>
			<ymax> 256 </ymax>
		</bndbox>
	</object>
</annotation>