<?xml version="1.0" ?><annotation>
	<folder>BMW</folder>
	<filename>23.jpg</filename>
	<source>
		<database>Unknown</database>
	</source>
	<size>
		<width>521</width>
		<height>371</height>
		<depth>3</depth>
	</size>
	<segmented>0</segmented>
	<object>
		<name>BMW</name>
		<pose>Unspecified</pose>
		<truncated>0</truncated>
		<difficult>0</difficult>
		<bndbox>
			<xmin>56</xmin>
			<ymin>25</ymin>
			<xmax>342</xmax>
			<ymax>277</ymax>
		</bndbox>
	</object>
</annotation>