<?xml version="1.0" ?><annotation>
	<folder>BMW</folder>
	<filename>29.jpg</filename>
	<source>
		<database>Unknown</database>
	</source>
	<size>
		<width>524</width>
		<height>368</height>
		<depth>3</depth>
	</size>
	<segmented>0</segmented>
	<object>
		<name>BMW</name>
		<pose>Unspecified</pose>
		<truncated>1</truncated>
		<difficult>0</difficult>
		<bndbox>
			<xmin>10</xmin>
			<ymin>1</ymin>
			<xmax>157</xmax>
			<ymax>154</ymax>
		</bndbox>
	</object>
	<object>
		<name>BMW</name>
		<pose>Unspecified</pose>
		<truncated>1</truncated>
		<difficult>0</difficult>
		<bndbox>
			<xmin>182</xmin>
			<ymin>1</ymin>
			<xmax>336</xmax>
			<ymax>158</ymax>
		</bndbox>
	</object>
	<object>
		<name>BMW</name>
		<pose>Unspecified</pose>
		<truncated>1</truncated>
		<difficult>0</difficult>
		<bndbox>
			<xmin>369</xmin>
			<ymin>1</ymin>
			<xmax>515</xmax>
			<ymax>150</ymax>
		</bndbox>
	</object>
	<object>
		<name>BMW</name>
		<pose>Unspecified</pose>
		<truncated>0</truncated>
		<difficult>0</difficult>
		<bndbox>
			<xmin>366</xmin>
			<ymin>192</ymin>
			<xmax>520</xmax>
			<ymax>356</ymax>
		</bndbox>
	</object>
	<object>
		<name>BMW</name>
		<pose>Unspecified</pose>
		<truncated>0</truncated>
		<difficult>0</difficult>
		<bndbox>
			<xmin>201</xmin>
			<ymin>216</ymin>
			<xmax>328</xmax>
			<ymax>335</ymax>
		</bndbox>
	</object>
	<object>
		<name>BMW</name>
		<pose>Unspecified</pose>
		<truncated>0</truncated>
		<difficult>0</difficult>
		<bndbox>
			<xmin>5</xmin>
			<ymin>195</ymin>
			<xmax>163</xmax>
			<ymax>351</ymax>
		</bndbox>
	</object>
</annotation>