<?xml version="1.0" ?><annotation verified="yes">
	<folder>BMW</folder>
	<filename>34.jpg</filename>
	<source>
		<database>Unknown</database>
	</source>
	<size>
		<width>496</width>
		<height>391</height>
		<depth>3</depth>
	</size>
	<segmented>0</segmented>
	<object>
		<name>BMW</name>
		<pose>Unspecified</pose>
		<truncated>0</truncated>
		<difficult>0</difficult>
		<bndbox>
			<xmin>145</xmin>
			<ymin>12</ymin>
			<xmax>356</xmax>
			<ymax>251</ymax>
		</bndbox>
	</object>
</annotation>