<?xml version="1.0" ?><annotation>
	<folder>BMW</folder>
	<filename>38.jpg</filename>
	<source>
		<database>Unknown</database>
	</source>
	<size>
		<width>485</width>
		<height>368</height>
		<depth>3</depth>
	</size>
	<segmented>0</segmented>
	<object>
		<name>BMW</name>
		<pose>Unspecified</pose>
		<truncated>1</truncated>
		<difficult>0</difficult>
		<bndbox>
			<xmin>1</xmin>
			<ymin>102</ymin>
			<xmax>257</xmax>
			<ymax>309</ymax>
		</bndbox>
	</object>
</annotation>