<?xml version="1.0" ?><annotation>
	<folder>BMW</folder>
	<filename>39.jpg</filename>
	<source>
		<database>Unknown</database>
	</source>
	<size>
		<width>509</width>
		<height>372</height>
		<depth>3</depth>
	</size>
	<segmented>0</segmented>
	<object>
		<name>BMW</name>
		<pose>Unspecified</pose>
		<truncated>0</truncated>
		<difficult>0</difficult>
		<bndbox>
			<xmin>62</xmin>
			<ymin>2</ymin>
			<xmax>458</xmax>
			<ymax>288</ymax>
		</bndbox>
	</object>
</annotation>