<?xml version="1.0" ?><annotation>
	<folder>BMW</folder>
	<filename>40.jpg</filename>
	<source>
		<database>Unknown</database>
	</source>
	<size>
		<width>491</width>
		<height>375</height>
		<depth>3</depth>
	</size>
	<segmented>0</segmented>
	<object>
		<name>BMW</name>
		<pose>Unspecified</pose>
		<truncated>0</truncated>
		<difficult>0</difficult>
		<bndbox>
			<xmin>108</xmin>
			<ymin>85</ymin>
			<xmax>388</xmax>
			<ymax>303</ymax>
		</bndbox>
	</object>
</annotation>