<?xml version="1.0" ?><annotation>
	<folder>BMW</folder>
	<filename>42.jpg</filename>
	<source>
		<database>Unknown</database>
	</source>
	<size>
		<width>380</width>
		<height>513</height>
		<depth>3</depth>
	</size>
	<segmented>0</segmented>
	<object>
		<name>BMW</name>
		<pose>Unspecified</pose>
		<truncated>0</truncated>
		<difficult>0</difficult>
		<bndbox>
			<xmin>115</xmin>
			<ymin>192</ymin>
			<xmax>265</xmax>
			<ymax>308</ymax>
		</bndbox>
	</object>
</annotation>