<?xml version="1.0" ?><annotation>
	<folder>BMW</folder>
	<filename>43.jpg</filename>
	<source>
		<database>Unknown</database>
	</source>
	<size>
		<width>497</width>
		<height>352</height>
		<depth>3</depth>
	</size>
	<segmented>0</segmented>
	<object>
		<name>BMW</name>
		<pose>Unspecified</pose>
		<truncated>0</truncated>
		<difficult>0</difficult>
		<bndbox>
			<xmin>130</xmin>
			<ymin>40</ymin>
			<xmax>397</xmax>
			<ymax>305</ymax>
		</bndbox>
	</object>
</annotation>