<?xml version="1.0" ?><annotation verified="yes">
	<folder>BMW</folder>
	<filename>46.jpg</filename>
	<source>
		<database>Unknown</database>
	</source>
	<size>
		<width>516</width>
		<height>373</height>
		<depth>3</depth>
	</size>
	<segmented>0</segmented>
	<object>
		<name>BMW</name>
		<pose>Unspecified</pose>
		<truncated>0</truncated>
		<difficult>0</difficult>
		<bndbox>
			<xmin>133</xmin>
			<ymin>103</ymin>
			<xmax>456</xmax>
			<ymax>344</ymax>
		</bndbox>
	</object>
</annotation>