<?xml version="1.0" ?><annotation>
	<folder>BMW</folder>
	<filename>51.jpg</filename>
	<source>
		<database>Unknown</database>
	</source>
	<size>
		<width>496</width>
		<height>355</height>
		<depth>3</depth>
	</size>
	<segmented>0</segmented>
	<object>
		<name>BMW</name>
		<pose>Unspecified</pose>
		<truncated>0</truncated>
		<difficult>0</difficult>
		<bndbox>
			<xmin>202</xmin>
			<ymin>39</ymin>
			<xmax>435</xmax>
			<ymax>289</ymax>
		</bndbox>
	</object>
</annotation>