<?xml version="1.0" ?><annotation>
	<folder>BMW</folder>
	<filename>55.jpg</filename>
	<source>
		<database>Unknown</database>
	</source>
	<size>
		<width>507</width>
		<height>356</height>
		<depth>3</depth>
	</size>
	<segmented>0</segmented>
	<object>
		<name>BMW</name>
		<pose>Unspecified</pose>
		<truncated>0</truncated>
		<difficult>0</difficult>
		<bndbox>
			<xmin>144</xmin>
			<ymin>130</ymin>
			<xmax>213</xmax>
			<ymax>229</ymax>
		</bndbox>
	</object>
	<object>
		<name>BMW</name>
		<pose>Unspecified</pose>
		<truncated>0</truncated>
		<difficult>0</difficult>
		<bndbox>
			<xmin>236</xmin>
			<ymin>128</ymin>
			<xmax>332</xmax>
			<ymax>211</ymax>
		</bndbox>
	</object>
</annotation>