<?xml version="1.0" ?><annotation>
	<folder>BMW</folder>
	<filename>58.jpg</filename>
	<source>
		<database>Unknown</database>
	</source>
	<size>
		<width>519</width>
		<height>391</height>
		<depth>3</depth>
	</size>
	<segmented>0</segmented>
	<object>
		<name>BMW</name>
		<pose>Unspecified</pose>
		<truncated>0</truncated>
		<difficult>0</difficult>
		<bndbox>
			<xmin>82</xmin>
			<ymin>53</ymin>
			<xmax>459</xmax>
			<ymax>375</ymax>
		</bndbox>
	</object>
</annotation>