<?xml version="1.0" ?><annotation>
	<folder>BMW</folder>
	<filename>6.jpg</filename>
	<source>
		<database>Unknown</database>
	</source>
	<size>
		<width>511</width>
		<height>369</height>
		<depth>3</depth>
	</size>
	<segmented>0</segmented>
	<object>
		<name>BMW</name>
		<pose>Unspecified</pose>
		<truncated>0</truncated>
		<difficult>0</difficult>
		<bndbox>
			<xmin>59</xmin>
			<ymin>11</ymin>
			<xmax>451</xmax>
			<ymax>368</ymax>
		</bndbox>
	</object>
</annotation>