<?xml version="1.0" ?><annotation>
	<folder>BMW</folder>
	<filename>60.jpg</filename>
	<source>
		<database>Unknown</database>
	</source>
	<size>
		<width>510</width>
		<height>387</height>
		<depth>3</depth>
	</size>
	<segmented>0</segmented>
	<object>
		<name>BMW</name>
		<pose>Unspecified</pose>
		<truncated>0</truncated>
		<difficult>0</difficult>
		<bndbox>
			<xmin>80</xmin>
			<ymin>10</ymin>
			<xmax>413</xmax>
			<ymax>383</ymax>
		</bndbox>
	</object>
</annotation>