<?xml version="1.0" ?><annotation>
	<folder>BMW</folder>
	<filename>61.jpg</filename>
	<source>
		<database>Unknown</database>
	</source>
	<size>
		<width>494</width>
		<height>392</height>
		<depth>3</depth>
	</size>
	<segmented>0</segmented>
	<object>
		<name>BMW</name>
		<pose>Unspecified</pose>
		<truncated>0</truncated>
		<difficult>0</difficult>
		<bndbox>
			<xmin>151</xmin>
			<ymin>11</ymin>
			<xmax>386</xmax>
			<ymax>385</ymax>
		</bndbox>
	</object>
</annotation>