<?xml version="1.0" ?><annotation>
	<folder>BMW</folder>
	<filename>62.jpg</filename>
	<source>
		<database>Unknown</database>
	</source>
	<size>
		<width>480</width>
		<height>399</height>
		<depth>3</depth>
	</size>
	<segmented>0</segmented>
	<object>
		<name>BMW</name>
		<pose>Unspecified</pose>
		<truncated>0</truncated>
		<difficult>0</difficult>
		<bndbox>
			<xmin>30</xmin>
			<ymin>30</ymin>
			<xmax>450</xmax>
			<ymax>369</ymax>
		</bndbox>
	</object>
</annotation>