<?xml version="1.0" ?><annotation>
	<folder>BMW</folder>
	<filename>63.jpg</filename>
	<source>
		<database>Unknown</database>
	</source>
	<size>
		<width>480</width>
		<height>361</height>
		<depth>3</depth>
	</size>
	<segmented>0</segmented>
	<object>
		<name>BMW</name>
		<pose>Unspecified</pose>
		<truncated>0</truncated>
		<difficult>0</difficult>
		<bndbox>
			<xmin>229</xmin>
			<ymin>31</ymin>
			<xmax>460</xmax>
			<ymax>258</ymax>
		</bndbox>
	</object>
</annotation>