<?xml version="1.0" ?><annotation>
	<folder>BMW</folder>
	<filename>65.jpg</filename>
	<source>
		<database>Unknown</database>
	</source>
	<size>
		<width>523</width>
		<height>380</height>
		<depth>3</depth>
	</size>
	<segmented>0</segmented>
	<object>
		<name>BMW</name>
		<pose>Unspecified</pose>
		<truncated>0</truncated>
		<difficult>0</difficult>
		<bndbox>
			<xmin>149</xmin>
			<ymin>125</ymin>
			<xmax>313</xmax>
			<ymax>280</ymax>
		</bndbox>
	</object>
</annotation>