<?xml version="1.0" ?><annotation>
	<folder>BMW</folder>
	<filename>67.jpg</filename>
	<source>
		<database>Unknown</database>
	</source>
	<size>
		<width>503</width>
		<height>394</height>
		<depth>3</depth>
	</size>
	<segmented>0</segmented>
	<object>
		<name>BMW</name>
		<pose>Unspecified</pose>
		<truncated>0</truncated>
		<difficult>0</difficult>
		<bndbox>
			<xmin>157</xmin>
			<ymin>117</ymin>
			<xmax>354</xmax>
			<ymax>302</ymax>
		</bndbox>
	</object>
</annotation>