<?xml version="1.0" ?><annotation>
	<folder>BMW</folder>
	<filename>70.jpg</filename>
	<source>
		<database>Unknown</database>
	</source>
	<size>
		<width>513</width>
		<height>355</height>
		<depth>3</depth>
	</size>
	<segmented>0</segmented>
	<object>
		<name>BMW</name>
		<pose>Unspecified</pose>
		<truncated>1</truncated>
		<difficult>0</difficult>
		<bndbox>
			<xmin>46</xmin>
			<ymin>1</ymin>
			<xmax>473</xmax>
			<ymax>355</ymax>
		</bndbox>
	</object>
</annotation>