<?xml version="1.0" ?><annotation>
	<folder>BMW</folder>
	<filename>72.jpg</filename>
	<source>
		<database>Unknown</database>
	</source>
	<size>
		<width>514</width>
		<height>377</height>
		<depth>3</depth>
	</size>
	<segmented>0</segmented>
	<object>
		<name>BMW</name>
		<pose>Unspecified</pose>
		<truncated>0</truncated>
		<difficult>0</difficult>
		<bndbox>
			<xmin>123</xmin>
			<ymin>74</ymin>
			<xmax>407</xmax>
			<ymax>339</ymax>
		</bndbox>
	</object>
</annotation>