<?xml version="1.0" ?><annotation>
	<folder>BMW</folder>
	<filename>76.jpg</filename>
	<source>
		<database>Unknown</database>
	</source>
	<size>
		<width>483</width>
		<height>368</height>
		<depth>3</depth>
	</size>
	<segmented>0</segmented>
	<object>
		<name>BMW</name>
		<pose>Unspecified</pose>
		<truncated>0</truncated>
		<difficult>0</difficult>
		<bndbox>
			<xmin>190</xmin>
			<ymin>124</ymin>
			<xmax>309</xmax>
			<ymax>254</ymax>
		</bndbox>
	</object>
</annotation>