<?xml version="1.0" ?><annotation>
	<folder>BMW</folder>
	<filename>77.jpg</filename>
	<source>
		<database>Unknown</database>
	</source>
	<size>
		<width>487</width>
		<height>395</height>
		<depth>3</depth>
	</size>
	<segmented>0</segmented>
	<object>
		<name>BMW</name>
		<pose>Unspecified</pose>
		<truncated>1</truncated>
		<difficult>0</difficult>
		<bndbox>
			<xmin>210</xmin>
			<ymin>1</ymin>
			<xmax>300</xmax>
			<ymax>86</ymax>
		</bndbox>
	</object>
</annotation>