<?xml version="1.0" ?><annotation>
	<folder>BMW</folder>
	<filename>78.jpg</filename>
	<source>
		<database>Unknown</database>
	</source>
	<size>
		<width>509</width>
		<height>350</height>
		<depth>3</depth>
	</size>
	<segmented>0</segmented>
	<object>
		<name>BMW</name>
		<pose>Unspecified</pose>
		<truncated>0</truncated>
		<difficult>0</difficult>
		<bndbox>
			<xmin>326</xmin>
			<ymin>138</ymin>
			<xmax>423</xmax>
			<ymax>225</ymax>
		</bndbox>
	</object>
</annotation>