<?xml version="1.0" ?><annotation>
	<folder>BMW</folder>
	<filename>79.jpg</filename>
	<source>
		<database>Unknown</database>
	</source>
	<size>
		<width>506</width>
		<height>387</height>
		<depth>3</depth>
	</size>
	<segmented>0</segmented>
	<object>
		<name>BMW</name>
		<pose>Unspecified</pose>
		<truncated>0</truncated>
		<difficult>0</difficult>
		<bndbox>
			<xmin>178</xmin>
			<ymin>105</ymin>
			<xmax>328</xmax>
			<ymax>287</ymax>
		</bndbox>
	</object>
</annotation>