<annotation verified="no">
	<folder>Mercedes</folder>
	<filename>103.jpg</filename>
	<source>
		<database>Unknown</database>
	</source>
	<size>
		<width>269</width>
		<height>187</height>
		<depth>3</depth>
	</size>
	<segmented>0</segmented>
	<object>
		<name>Mercedes</name>
		<pose>Unspecified</pose>
		<truncated>0</truncated>
		<difficult>0</difficult>
		<bndbox>
			<xmin>60</xmin>
			<ymin>25</ymin>
			<xmax>210</xmax>
			<ymax>190</ymax>
		</bndbox>
	</object>
</annotation>
