<annotation verified="no">
	<folder>Mercedes</folder>
	<filename>121.jpg</filename>
	<source>
		<database>Unknown</database>
	</source>
	<size>
		<width>1371</width>
		<height>1028</height>
		<depth>3</depth>
	</size>
	<segmented>0</segmented>
	<object>
		<name>Mercedes</name>
		<pose>Unspecified</pose>
		<truncated>0</truncated>
		<difficult>0</difficult>
		<bndbox>
			<xmin>230</xmin>
			<ymin>190</ymin>
			<xmax>1100</xmax>
			<ymax>900</ymax>
		</bndbox>
	</object>
</annotation>
