<annotation verified="no">
	<folder>Mercedes</folder>
	<filename>122.jpg</filename>
	<source>
		<database>Unknown</database>
	</source>
	<size>
		<width>1280</width>
		<height>900</height>
		<depth>3</depth>
	</size>
	<segmented>0</segmented>
	<object>
		<name>Mercedes</name>
		<pose>Unspecified</pose>
		<truncated>0</truncated>
		<difficult>0</difficult>
		<bndbox>
			<xmin>250</xmin>
			<ymin>100</ymin>
			<xmax>1000</xmax>
			<ymax>800</ymax>
		</bndbox>
	</object>
</annotation>
