<annotation verified="no">
	<folder>Mercedes</folder>
	<filename>123.jpg</filename>
	<source>
		<database>Unknown</database>
	</source>
	<size>
		<width>1920</width>
		<height>1440</height>
		<depth>3</depth>
	</size>
	<segmented>0</segmented>
	<object>
		<name>Mercedes</name>
		<pose>Unspecified</pose>
		<truncated>0</truncated>
		<difficult>0</difficult>
		<bndbox>
			<xmin>400</xmin>
			<ymin>100</ymin>
			<xmax>1600</xmax>
			<ymax>1200</ymax>
		</bndbox>
	</object>
</annotation>
