<annotation verified="no">
	<folder>Mercedes</folder>
	<filename>132.jpg</filename>
	<source>
		<database>Unknown</database>
	</source>
	<size>
		<width>1080</width>
		<height>1080</height>
		<depth>3</depth>
	</size>
	<segmented>0</segmented>
	<object>
		<name>Mercedes</name>
		<pose>Unspecified</pose>
		<truncated>0</truncated>
		<difficult>0</difficult>
		<bndbox>
			<xmin>200</xmin>
			<ymin>200</ymin>
			<xmax>900</xmax>
			<ymax>900</ymax>
		</bndbox>
	</object>
</annotation>
