<annotation verified="no">
	<folder>Mercedes</folder>
	<filename>135.jpg</filename>
	<source>
		<database>Unknown</database>
	</source>
	<size>
		<width>960</width>
		<height>720</height>
		<depth>3</depth>
	</size>
	<segmented>0</segmented>
	<object>
		<name>Mercedes</name>
		<pose>Unspecified</pose>
		<truncated>0</truncated>
		<difficult>0</difficult>
		<bndbox>
			<xmin>190</xmin>
			<ymin>40</ymin>
			<xmax>900</xmax>
			<ymax>720</ymax>
		</bndbox>
	</object>
</annotation>
