<annotation verified="no">
	<folder>Mercedes</folder>
	<filename>147.jpg</filename>
	<source>
		<database>Unknown</database>
	</source>
	<size>
		<width>960</width>
		<height>960</height>
		<depth>3</depth>
	</size>
	<segmented>0</segmented>
	<object>
		<name>Mercedes</name>
		<pose>Unspecified</pose>
		<truncated>0</truncated>
		<difficult>0</difficult>
		<bndbox>
			<xmin>220</xmin>
			<ymin>320</ymin>
			<xmax>800</xmax>
			<ymax>650</ymax>
		</bndbox>
	</object>
</annotation>
