<annotation verified="no">
	<folder>Mercedes</folder>
	<filename>149.jpg</filename>
	<source>
		<database>Unknown</database>
	</source>
	<size>
		<width>227</width>
		<height>222</height>
		<depth>3</depth>
	</size>
	<segmented>0</segmented>
	<object>
		<name>Mercedes</name>
		<pose>Unspecified</pose>
		<truncated>0</truncated>
		<difficult>0</difficult>
		<bndbox>
			<xmin>0</xmin>
			<ymin>0</ymin>
			<xmax>227</xmax>
			<ymax>222</ymax>
		</bndbox>
	</object>
</annotation>
