<annotation verified="no">
	<folder>Mercedes</folder>
	<filename>49.jpg</filename>
	<source>
		<database>Unknown</database>
	</source>
	<size>
		<width>256</width>
		<height>256</height>
		<depth>3</depth>
	</size>
	<segmented>0</segmented>
	<object>
		<name>Mercedes</name>
		<pose>Unspecified</pose>
		<truncated>0</truncated>
		<difficult>0</difficult>
		<bndbox>
			<xmin>50</xmin>
			<ymin>10</ymin>
			<xmax>220</xmax>
			<ymax>240</ymax>
		</bndbox>
	</object>
</annotation>
