<annotation verified="yes">
	<folder>Hyundai</folder>
	<filename>0.jpg</filename>
	<source>
		<database>Unknown</database>
	</source>
	<size>
		<width>515</width>
		<height>376</height>
		<depth>3</depth>
	</size>
	<segmented>0</segmented>
	<object>
		<name>Hyundai-2</name>
		<pose>Unspecified</pose>
		<truncated>1</truncated>
		<difficult>0</difficult>
		<bndbox>
			<xmin>1</xmin>
			<ymin>9</ymin>
			<xmax>514</xmax>
			<ymax>208</ymax>
		</bndbox>
	</object>
</annotation>
