<annotation verified="yes">
	<folder>Hyundai</folder>
	<filename>13.jpg</filename>
	<source>
		<database>Unknown</database>
	</source>
	<size>
		<width>504</width>
		<height>366</height>
		<depth>3</depth>
	</size>
	<segmented>0</segmented>
	<object>
		<name>Hyundai-2</name>
		<pose>Unspecified</pose>
		<truncated>0</truncated>
		<difficult>0</difficult>
		<bndbox>
			<xmin>99</xmin>
			<ymin>12</ymin>
			<xmax>421</xmax>
			<ymax>190</ymax>
		</bndbox>
	</object>
</annotation>
