<annotation verified="yes">
	<folder>Hyundai</folder>
	<filename>14.jpg</filename>
	<source>
		<database>Unknown</database>
	</source>
	<size>
		<width>494</width>
		<height>371</height>
		<depth>3</depth>
	</size>
	<segmented>0</segmented>
	<object>
		<name>Hyundai-2</name>
		<pose>Unspecified</pose>
		<truncated>0</truncated>
		<difficult>0</difficult>
		<bndbox>
			<xmin>59</xmin>
			<ymin>121</ymin>
			<xmax>218</xmax>
			<ymax>250</ymax>
		</bndbox>
	</object>
</annotation>
