<annotation verified="yes">
	<folder>Hyundai</folder>
	<filename>17.jpg</filename>
	<source>
		<database>Unknown</database>
	</source>
	<size>
		<width>507</width>
		<height>379</height>
		<depth>3</depth>
	</size>
	<segmented>0</segmented>
	<object>
		<name>Hyundai-2</name>
		<pose>Unspecified</pose>
		<truncated>0</truncated>
		<difficult>0</difficult>
		<bndbox>
			<xmin>13</xmin>
			<ymin>82</ymin>
			<xmax>490</xmax>
			<ymax>264</ymax>
		</bndbox>
	</object>
</annotation>
