<annotation verified="yes">
	<folder>Hyundai</folder>
	<filename>20.jpg</filename>
	<source>
		<database>Unknown</database>
	</source>
	<size>
		<width>507</width>
		<height>365</height>
		<depth>3</depth>
	</size>
	<segmented>0</segmented>
	<object>
		<name>Hyundai-2</name>
		<pose>Unspecified</pose>
		<truncated>1</truncated>
		<difficult>0</difficult>
		<bndbox>
			<xmin>17</xmin>
			<ymin>1</ymin>
			<xmax>484</xmax>
			<ymax>306</ymax>
		</bndbox>
	</object>
</annotation>
