<annotation verified="yes">
	<folder>Hyundai</folder>
	<filename>225.jpg</filename>
	<source>
		<database>Unknown</database>
	</source>
	<size>
		<width> 386 </width>
		<height> 280 </height>
		<depth>3</depth>
	</size>
	<segmented>0</segmented>
	<object>
		<name>Hyundai-2</name>
		<pose>Unspecified</pose>
		<truncated>1</truncated>
		<difficult>0</difficult>
		<bndbox>
			<xmin> 60 </xmin>
			<ymin> 30 </ymin>
			<xmax> 300 </xmax>
			<ymax> 150 </ymax>
		</bndbox>
	</object>
</annotation>
