<annotation verified="yes">
	<folder>Hyundai</folder>
	<filename>23.jpg</filename>
	<source>
		<database>Unknown</database>
	</source>
	<size>
		<width>486</width>
		<height>370</height>
		<depth>3</depth>
	</size>
	<segmented>0</segmented>
	<object>
		<name>Hyundai-2</name>
		<pose>Unspecified</pose>
		<truncated>0</truncated>
		<difficult>0</difficult>
		<bndbox>
			<xmin>88</xmin>
			<ymin>72</ymin>
			<xmax>404</xmax>
			<ymax>198</ymax>
		</bndbox>
	</object>
	<object>
		<name>Hyundai-1</name>
		<pose>Unspecified</pose>
		<truncated>0</truncated>
		<difficult>0</difficult>
		<bndbox>
			<xmin>43</xmin>
			<ymin>219</ymin>
			<xmax>445</xmax>
			<ymax>265</ymax>
		</bndbox>
	</object>
</annotation>
