<annotation verified="yes">
	<folder>Hyundai</folder>
	<filename>230.jpg</filename>
	<source>
		<database>Unknown</database>
	</source>
	<size>
		<width> 265</width>
		<height> 190 </height>
		<depth>3</depth>
	</size>
	<segmented>0</segmented>
	<object>
		<name>Hyundai-2</name>
		<pose>Unspecified</pose>
		<truncated>1</truncated>
		<difficult>0</difficult>
		<bndbox>
			<xmin> 15 </xmin>
			<ymin> 50 </ymin>
			<xmax> 100 </xmax>
			<ymax> 120 </ymax>
		</bndbox>
	</object>
</annotation>
