<annotation verified="yes">
	<folder>Hyundai</folder>
	<filename>29.jpg</filename>
	<source>
		<database>Unknown</database>
	</source>
	<size>
		<width>491</width>
		<height>355</height>
		<depth>3</depth>
	</size>
	<segmented>0</segmented>
	<object>
		<name>Hyundai-2</name>
		<pose>Unspecified</pose>
		<truncated>0</truncated>
		<difficult>0</difficult>
		<bndbox>
			<xmin>88</xmin>
			<ymin>44</ymin>
			<xmax>397</xmax>
			<ymax>167</ymax>
		</bndbox>
	</object>
</annotation>
