<annotation verified="yes">
	<folder>Hyundai</folder>
	<filename>30.jpg</filename>
	<source>
		<database>Unknown</database>
	</source>
	<size>
		<width>509</width>
		<height>390</height>
		<depth>1</depth>
	</size>
	<segmented>0</segmented>
	<object>
		<name>Hyundai-2</name>
		<pose>Unspecified</pose>
		<truncated>0</truncated>
		<difficult>0</difficult>
		<bndbox>
			<xmin>100</xmin>
			<ymin>112</ymin>
			<xmax>407</xmax>
			<ymax>271</ymax>
		</bndbox>
	</object>
</annotation>
