<annotation verified="yes">
	<folder>Hyundai</folder>
	<filename>34.jpg</filename>
	<source>
		<database>Unknown</database>
	</source>
	<size>
		<width>502</width>
		<height>351</height>
		<depth>3</depth>
	</size>
	<segmented>0</segmented>
	<object>
		<name>Hyundai-2</name>
		<pose>Unspecified</pose>
		<truncated>0</truncated>
		<difficult>0</difficult>
		<bndbox>
			<xmin>166</xmin>
			<ymin>123</ymin>
			<xmax>336</xmax>
			<ymax>214</ymax>
		</bndbox>
	</object>
</annotation>
