<annotation verified="yes">
	<folder>Hyundai</folder>
	<filename>36.jpg</filename>
	<source>
		<database>Unknown</database>
	</source>
	<size>
		<width>496</width>
		<height>375</height>
		<depth>3</depth>
	</size>
	<segmented>0</segmented>
	<object>
		<name>Hyundai-2</name>
		<pose>Unspecified</pose>
		<truncated>0</truncated>
		<difficult>0</difficult>
		<bndbox>
			<xmin>35</xmin>
			<ymin>75</ymin>
			<xmax>465</xmax>
			<ymax>307</ymax>
		</bndbox>
	</object>
</annotation>
