<annotation verified="yes">
	<folder>Hyundai</folder>
	<filename>37.jpg</filename>
	<source>
		<database>Unknown</database>
	</source>
	<size>
		<width>518</width>
		<height>383</height>
		<depth>3</depth>
	</size>
	<segmented>0</segmented>
	<object>
		<name>Hyundai-2</name>
		<pose>Unspecified</pose>
		<truncated>0</truncated>
		<difficult>0</difficult>
		<bndbox>
			<xmin>172</xmin>
			<ymin>135</ymin>
			<xmax>346</xmax>
			<ymax>238</ymax>
		</bndbox>
	</object>
</annotation>
