<annotation verified="yes">
	<folder>Hyundai</folder>
	<filename>40.jpg</filename>
	<source>
		<database>Unknown</database>
	</source>
	<size>
		<width>497</width>
		<height>352</height>
		<depth>3</depth>
	</size>
	<segmented>0</segmented>
	<object>
		<name>Hyundai-2</name>
		<pose>Unspecified</pose>
		<truncated>0</truncated>
		<difficult>0</difficult>
		<bndbox>
			<xmin>16</xmin>
			<ymin>52</ymin>
			<xmax>477</xmax>
			<ymax>299</ymax>
		</bndbox>
	</object>
</annotation>
