<annotation verified="yes">
	<folder>Hyundai</folder>
	<filename>44.jpg</filename>
	<source>
		<database>Unknown</database>
	</source>
	<size>
		<width>482</width>
		<height>384</height>
		<depth>3</depth>
	</size>
	<segmented>0</segmented>
	<object>
		<name>Hyundai-2</name>
		<pose>Unspecified</pose>
		<truncated>0</truncated>
		<difficult>0</difficult>
		<bndbox>
			<xmin>190</xmin>
			<ymin>134</ymin>
			<xmax>305</xmax>
			<ymax>217</ymax>
		</bndbox>
	</object>
</annotation>
