<annotation verified="yes">
	<folder>Hyundai</folder>
	<filename>46.jpg</filename>
	<source>
		<database>Unknown</database>
	</source>
	<size>
		<width>481</width>
		<height>394</height>
		<depth>3</depth>
	</size>
	<segmented>0</segmented>
	<object>
		<name>Hyundai-2</name>
		<pose>Unspecified</pose>
		<truncated>0</truncated>
		<difficult>0</difficult>
		<bndbox>
			<xmin>31</xmin>
			<ymin>56</ymin>
			<xmax>455</xmax>
			<ymax>354</ymax>
		</bndbox>
	</object>
</annotation>
