<annotation verified="yes">
	<folder>Hyundai</folder>
	<filename>52.jpg</filename>
	<source>
		<database>Unknown</database>
	</source>
	<size>
		<width>513</width>
		<height>358</height>
		<depth>3</depth>
	</size>
	<segmented>0</segmented>
	<object>
		<name>Hyundai-2</name>
		<pose>Unspecified</pose>
		<truncated>0</truncated>
		<difficult>0</difficult>
		<bndbox>
			<xmin>75</xmin>
			<ymin>36</ymin>
			<xmax>435</xmax>
			<ymax>168</ymax>
		</bndbox>
	</object>
</annotation>
