<annotation verified="yes">
	<folder>Hyundai</folder>
	<filename>53.jpg</filename>
	<source>
		<database>Unknown</database>
	</source>
	<size>
		<width>522</width>
		<height>362</height>
		<depth>3</depth>
	</size>
	<segmented>0</segmented>
	<object>
		<name>Hyundai-2</name>
		<pose>Unspecified</pose>
		<truncated>0</truncated>
		<difficult>0</difficult>
		<bndbox>
			<xmin>74</xmin>
			<ymin>85</ymin>
			<xmax>440</xmax>
			<ymax>305</ymax>
		</bndbox>
	</object>
</annotation>
