<annotation verified="yes">
	<folder>Hyundai</folder>
	<filename>54.jpg</filename>
	<source>
		<database>Unknown</database>
	</source>
	<size>
		<width>514</width>
		<height>397</height>
		<depth>3</depth>
	</size>
	<segmented>0</segmented>
	<object>
		<name>Hyundai-2</name>
		<pose>Unspecified</pose>
		<truncated>0</truncated>
		<difficult>0</difficult>
		<bndbox>
			<xmin>27</xmin>
			<ymin>139</ymin>
			<xmax>221</xmax>
			<ymax>217</ymax>
		</bndbox>
	</object>
</annotation>
