<annotation verified="yes">
	<folder>Hyundai</folder>
	<filename>55.jpg</filename>
	<source>
		<database>Unknown</database>
	</source>
	<size>
		<width>489</width>
		<height>385</height>
		<depth>3</depth>
	</size>
	<segmented>0</segmented>
	<object>
		<name>Hyundai-2</name>
		<pose>Unspecified</pose>
		<truncated>0</truncated>
		<difficult>0</difficult>
		<bndbox>
			<xmin>100</xmin>
			<ymin>79</ymin>
			<xmax>385</xmax>
			<ymax>247</ymax>
		</bndbox>
	</object>
</annotation>
