<annotation verified="yes">
	<folder>Hyundai</folder>
	<filename>62.jpg</filename>
	<source>
		<database>Unknown</database>
	</source>
	<size>
		<width>518</width>
		<height>392</height>
		<depth>3</depth>
	</size>
	<segmented>0</segmented>
	<object>
		<name>Hyundai-2</name>
		<pose>Unspecified</pose>
		<truncated>0</truncated>
		<difficult>0</difficult>
		<bndbox>
			<xmin>71</xmin>
			<ymin>78</ymin>
			<xmax>440</xmax>
			<ymax>294</ymax>
		</bndbox>
	</object>
</annotation>
