<annotation verified="yes">
	<folder>Hyundai</folder>
	<filename>64.jpg</filename>
	<source>
		<database>Unknown</database>
	</source>
	<size>
		<width>486</width>
		<height>356</height>
		<depth>3</depth>
	</size>
	<segmented>0</segmented>
	<object>
		<name>Hyundai-2</name>
		<pose>Unspecified</pose>
		<truncated>0</truncated>
		<difficult>0</difficult>
		<bndbox>
			<xmin>153</xmin>
			<ymin>119</ymin>
			<xmax>336</xmax>
			<ymax>242</ymax>
		</bndbox>
	</object>
	<object>
		<name>Hyundai-1</name>
		<pose>Unspecified</pose>
		<truncated>0</truncated>
		<difficult>0</difficult>
		<bndbox>
			<xmin>202</xmin>
			<ymin>169</ymin>
			<xmax>284</xmax>
			<ymax>190</ymax>
		</bndbox>
	</object>
</annotation>
