<annotation verified="yes">
	<folder>Hyundai</folder>
	<filename>68.jpg</filename>
	<source>
		<database>Unknown</database>
	</source>
	<size>
		<width>495</width>
		<height>362</height>
		<depth>3</depth>
	</size>
	<segmented>0</segmented>
	<object>
		<name>Hyundai-2</name>
		<pose>Unspecified</pose>
		<truncated>0</truncated>
		<difficult>0</difficult>
		<bndbox>
			<xmin>111</xmin>
			<ymin>52</ymin>
			<xmax>350</xmax>
			<ymax>194</ymax>
		</bndbox>
	</object>
</annotation>
