<annotation verified="yes">
	<folder>Hyundai</folder>
	<filename>69.jpg</filename>
	<source>
		<database>Unknown</database>
	</source>
	<size>
		<width>482</width>
		<height>389</height>
		<depth>1</depth>
	</size>
	<segmented>0</segmented>
	<object>
		<name>Hyundai-2</name>
		<pose>Unspecified</pose>
		<truncated>0</truncated>
		<difficult>0</difficult>
		<bndbox>
			<xmin>124</xmin>
			<ymin>119</ymin>
			<xmax>358</xmax>
			<ymax>217</ymax>
		</bndbox>
	</object>
</annotation>
