<annotation verified="yes">
	<folder>Hyundai</folder>
	<filename>70.jpg</filename>
	<source>
		<database>Unknown</database>
	</source>
	<size>
		<width>515</width>
		<height>397</height>
		<depth>3</depth>
	</size>
	<segmented>0</segmented>
	<object>
		<name>Hyundai-2</name>
		<pose>Unspecified</pose>
		<truncated>0</truncated>
		<difficult>0</difficult>
		<bndbox>
			<xmin>44</xmin>
			<ymin>56</ymin>
			<xmax>462</xmax>
			<ymax>317</ymax>
		</bndbox>
	</object>
</annotation>
