<annotation verified="yes">
	<folder>Hyundai</folder>
	<filename>71.jpg</filename>
	<source>
		<database>Unknown</database>
	</source>
	<size>
		<width>512</width>
		<height>360</height>
		<depth>3</depth>
	</size>
	<segmented>0</segmented>
	<object>
		<name>Hyundai-2</name>
		<pose>Unspecified</pose>
		<truncated>0</truncated>
		<difficult>0</difficult>
		<bndbox>
			<xmin>270</xmin>
			<ymin>126</ymin>
			<xmax>451</xmax>
			<ymax>231</ymax>
		</bndbox>
	</object>
</annotation>
