<annotation verified="yes">
	<folder>Hyundai</folder>
	<filename>73.jpg</filename>
	<source>
		<database>Unknown</database>
	</source>
	<size>
		<width>511</width>
		<height>389</height>
		<depth>3</depth>
	</size>
	<segmented>0</segmented>
	<object>
		<name>Hyundai-2</name>
		<pose>Unspecified</pose>
		<truncated>0</truncated>
		<difficult>0</difficult>
		<bndbox>
			<xmin>101</xmin>
			<ymin>73</ymin>
			<xmax>408</xmax>
			<ymax>236</ymax>
		</bndbox>
	</object>
</annotation>
