<annotation verified="yes">
	<folder>Hyundai</folder>
	<filename>76.jpg</filename>
	<source>
		<database>Unknown</database>
	</source>
	<size>
		<width>499</width>
		<height>387</height>
		<depth>3</depth>
	</size>
	<segmented>0</segmented>
	<object>
		<name>Hyundai-2</name>
		<pose>Unspecified</pose>
		<truncated>0</truncated>
		<difficult>0</difficult>
		<bndbox>
			<xmin>24</xmin>
			<ymin>31</ymin>
			<xmax>453</xmax>
			<ymax>350</ymax>
		</bndbox>
	</object>
</annotation>
