<annotation verified="yes">
	<folder>Hyundai</folder>
	<filename>79.jpg</filename>
	<source>
		<database>Unknown</database>
	</source>
	<size>
		<width>494</width>
		<height>382</height>
		<depth>3</depth>
	</size>
	<segmented>0</segmented>
	<object>
		<name>Hyundai-2</name>
		<pose>Unspecified</pose>
		<truncated>0</truncated>
		<difficult>0</difficult>
		<bndbox>
			<xmin>17</xmin>
			<ymin>94</ymin>
			<xmax>471</xmax>
			<ymax>265</ymax>
		</bndbox>
	</object>
</annotation>
