<annotation verified="yes">
	<folder>Hyundai</folder>
	<filename>80.jpg</filename>
	<source>
		<database>Unknown</database>
	</source>
	<size>
		<width>517</width>
		<height>362</height>
		<depth>3</depth>
	</size>
	<segmented>0</segmented>
	<object>
		<name>Hyundai-2</name>
		<pose>Unspecified</pose>
		<truncated>0</truncated>
		<difficult>0</difficult>
		<bndbox>
			<xmin>65</xmin>
			<ymin>47</ymin>
			<xmax>242</xmax>
			<ymax>164</ymax>
		</bndbox>
	</object>
</annotation>
